"mean , stdev",768.6950934579439,610.2824030489925
"median, max ",569.0,8661
position,trigrams,count
0,"('im', 'chris', 'wallac')",383
1,"('fox', 'news', 'sunday')",3277
2,"('chairman', 'joint', 'chief')",501
3,"('bill', 'kristol', 'juan')",404
4,"('kristol', 'juan', 'william')",401
5,"('right', 'fox', 'news')",2227
6,"('news', 'sunday', 'good')",472
7,"('us', 'fox', 'news')",689
8,"('news', 'sunday', 'thank')",377
9,"('littl', 'bit', 'like')",371
10,"('get', 'job', 'done')",518
11,"('let', 'take', 'look')",2116
12,"('want', 'make', 'sure')",1663
13,"('need', 'make', 'sure')",449
14,"('thank', 'thank', 'much')",520
15,"('thank', 'much', 'join')",965
16,"('much', 'join', 'us')",956
17,"('happi', 'new', 'year')",569
18,"('first', 'time', 'sinc')",431
19,"('long', 'way', 'go')",387
20,"('think', 'weve', 'got')",472
21,"('say', 'hes', 'go')",692
22,"('want', 'thank', 'much')",619
23,"('thank', 'much', 'thank')",2209
24,"('news', 'fox', 'news')",393
25,"('fox', 'news', 'contributor')",3873
26,"('mara', 'liasson', 'nation')",1049
27,"('nation', 'public', 'radio')",1902
28,"('editor', 'week', 'standard')",1229
29,"('week', 'standard', 'juan')",577
30,"('standard', 'juan', 'william')",577
31,"('right', 'let', 'get')",418
32,"('think', 'theyr', 'go')",1196
33,"('look', 'like', 'hes')",380
34,"('power', 'player', 'week')",1406
35,"('take', 'break', 'come')",525
36,"('break', 'come', 'back')",466
37,"('stay', 'tune', 'panel')",399
38,"('senat', 'john', 'mccain')",1561
39,"('well', 'dont', 'think')",1457
40,"('depart', 'homeland', 'secur')",568
41,"('well', 'come', 'back')",448
42,"('think', 'your', 'go')",1061
43,"('your', 'go', 'see')",1435
44,"('what', 'go', 'happen')",1902
45,"('dont', 'know', 'dont')",1595
46,"('know', 'dont', 'think')",961
47,"('well', 'wait', 'minut')",441
48,"('that', 'today', 'great')",484
49,"('well', 'see', 'next')",927
50,"('know', 'im', 'go')",882
51,"('im', 'go', 'get')",1036
52,"('far', 'im', 'concern')",477
53,"('there', 'noth', 'wrong')",410
54,"('know', 'your', 'go')",764
55,"('dont', 'want', 'go')",703
56,"('health', 'care', 'system')",784
57,"('fox', 'news', 'channel')",3277
58,"('today', 'great', 'week')",482
59,"('great', 'week', 'well')",551
60,"('week', 'well', 'see')",597
61,"('see', 'next', 'fox')",626
62,"('next', 'fox', 'news')",930
63,"('vice', 'presid', 'cheney')",1157
64,"('secretari', 'state', 'condoleezza')",603
65,"('state', 'condoleezza', 'rice')",609
66,"('leader', 'harri', 'reid')",1347
67,"('fox', 'news', 'washington')",730
68,"('new', 'york', 'time')",8661
69,"('welcom', 'back', 'fox')",639
70,"('back', 'fox', 'news')",733
71,"('well', 'let', 'ask')",697
72,"('unit', 'state', 'think')",465
73,"('osama', 'bin', 'laden')",1691
74,"('dont', 'know', 'whether')",1345
75,"('theyr', 'go', 'tri')",451
76,"('want', 'go', 'back')",1059
77,"('thank', 'much', 'come')",1644
78,"('senat', 'harri', 'reid')",518
79,"('secretari', 'state', 'rice')",389
80,"('york', 'time', 'report')",472
81,"('presid', 'vice', 'presid')",523
82,"('presid', 'unit', 'state')",6067
83,"('unit', 'state', 'senat')",1852
84,"('think', 'fair', 'say')",478
85,"('well', 'im', 'sure')",556
86,"('coupl', 'week', 'ago')",862
87,"('dont', 'know', 'anyth')",601
88,"('say', 'well', 'know')",579
89,"('that', 'right', 'that')",683
90,"('right', 'weve', 'got')",715
91,"('weve', 'got', 'take')",569
92,"('got', 'take', 'break')",684
93,"('think', 'hes', 'go')",1293
94,"('hes', 'go', 'say')",393
95,"('white', 'hous', 'said')",510
96,"('hes', 'go', 'go')",501
97,"('thank', 'panel', 'see')",414
98,"('panel', 'see', 'next')",416
99,"('see', 'next', 'week')",733
100,"('next', 'power', 'player')",383
101,"('senat', 'major', 'leader')",1634
102,"('republican', 'nation', 'committe')",601
103,"('well', 'dont', 'know')",2063
104,"('dont', 'know', 'think')",985
105,"('unit', 'state', 'america')",1919
106,"('white', 'hous', 'think')",391
107,"('theyr', 'go', 'take')",392
108,"('congression', 'budget', 'offic')",1066
109,"('world', 'war', 'ii')",1671
110,"('dont', 'think', 'go')",1356
111,"('think', 'go', 'happen')",474
112,"('extend', 'tax', 'cut')",378
113,"('suprem', 'court', 'justic')",897
114,"('that', 'exact', 'right')",840
115,"('know', 'dont', 'know')",2454
116,"('dont', 'know', 'much')",656
117,"('know', 'lot', 'peopl')",690
118,"('join', 'us', 'los')",686
119,"('us', 'los', 'angel')",713
120,"('let', 'put', 'screen')",522
121,"('let', 'ask', 'question')",1321
122,"('dont', 'know', 'know')",1088
123,"('let', 'go', 'back')",1299
124,"('democrat', 'nation', 'committe')",550
125,"('liasson', 'nation', 'polit')",691
126,"('nation', 'polit', 'correspond')",760
127,"('polit', 'correspond', 'nation')",694
128,"('correspond', 'nation', 'public')",920
129,"('white', 'hous', 'presid')",543
130,"('say', 'theyr', 'go')",602
131,"('think', 'that', 'go')",812
132,"('that', 'go', 'happen')",961
133,"('martin', 'luther', 'king')",690
134,"('doesnt', 'make', 'sens')",907
135,"('foreign', 'relat', 'committe')",390
136,"('last', 'coupl', 'year')",437
137,"('that', 'good', 'thing')",536
138,"('unit', 'state', 'right')",364
139,"('im', 'go', 'ask')",706
140,"('spend', 'lot', 'time')",473
141,"('iraqi', 'secur', 'forc')",580
142,"('lot', 'peopl', 'say')",681
143,"('american', 'peopl', 'go')",460
144,"('unit', 'state', 'well')",387
145,"('thank', 'thank', 'come')",555
146,"('american', 'peopl', 'want')",867
147,"('dont', 'think', 'think')",1110
148,"('dont', 'think', 'know')",536
149,"('say', 'dont', 'know')",723
150,"('lot', 'peopl', 'think')",496
151,"('weapon', 'mass', 'destruct')",1339
152,"('presid', 'georg', 'bush')",729
153,"('well', 'think', 'that')",548
154,"('mean', 'dont', 'think')",421
155,"('let', 'us', 'know')",806
156,"('everi', 'singl', 'day')",893
157,"('im', 'look', 'forward')",394
158,"('senat', 'judiciari', 'committe')",632
159,"('thank', 'join', 'us')",1402
160,"('well', 'right', 'back')",828
161,"('new', 'york', 'citi')",4777
162,"('white', 'hous', 'chief')",445
163,"('hous', 'chief', 'staff')",417
164,"('arm', 'servic', 'committe')",568
165,"('dont', 'think', 'there')",1312
166,"('think', 'american', 'peopl')",1238
167,"('nuclear', 'weapon', 'program')",487
168,"('dont', 'know', 'that')",894
169,"('know', 'there', 'lot')",437
170,"('well', 'know', 'think')",536
171,"('wall', 'street', 'journal')",2528
172,"('let', 'get', 'back')",417
173,"('cost', 'health', 'care')",379
174,"('your', 'exact', 'right')",369
175,"('health', 'care', 'cost')",646
176,"('think', 'hes', 'got')",407
177,"('theyr', 'go', 'get')",1130
178,"('thank', 'much', 'good')",771
179,"('suprem', 'court', 'nomine')",619
180,"('join', 'us', 'thank')",459
181,"('last', 'coupl', 'week')",449
182,"('come', 'back', 'well')",493
183,"('dont', 'think', 'presid')",417
184,"('dont', 'know', 'mean')",813
185,"('think', 'white', 'hous')",522
186,"('right', 'well', 'think')",388
187,"('percent', 'american', 'peopl')",502
188,"('done', 'good', 'job')",372
189,"('capit', 'gain', 'tax')",546
190,"('senat', 'financ', 'committe')",377
191,"('white', 'hous', 'offici')",812
192,"('come', 'white', 'hous')",372
193,"('go', 'come', 'back')",881
194,"('senat', 'intellig', 'committe')",456
195,"('alway', 'pleasur', 'thank')",365
196,"('develop', 'nuclear', 'weapon')",435
197,"('governor', 'mike', 'huckabe')",388
198,"('well', 'im', 'go')",626
199,"('social', 'secur', 'reform')",380
200,"('tell', 'american', 'peopl')",448
201,"('say', 'im', 'go')",991
202,"('thank', 'sir', 'thank')",984
203,"('right', 'let', 'talk')",452
204,"('ive', 'got', 'tell')",889
205,"('bush', 'white', 'hous')",480
206,"('youv', 'got', 'get')",385
207,"('see', 'next', 'time')",1300
208,"('dont', 'think', 'dont')",722
209,"('think', 'dont', 'know')",435
210,"('weve', 'got', 'lot')",411
211,"('suprem', 'court', 'rule')",651
212,"('american', 'peopl', 'think')",550
213,"('peopl', 'unit', 'state')",391
214,"('say', 'dont', 'want')",805
215,"('american', 'peopl', 'say')",434
216,"('mean', 'dont', 'know')",826
217,"('think', 'there', 'lot')",484
218,"('think', 'lot', 'peopl')",1108
219,"('dont', 'know', 'im')",715
220,"('know', 'im', 'say')",378
221,"('vice', 'presid', 'dick')",534
222,"('presid', 'dick', 'cheney')",537
223,"('dont', 'know', 'exact')",670
224,"('im', 'go', 'make')",464
225,"('know', 'what', 'go')",1139
226,"('go', 'make', 'sure')",390
227,"('former', 'white', 'hous')",636
228,"('beyond', 'reason', 'doubt')",405
229,"('dont', 'realli', 'know')",512
230,"('live', 'new', 'york')",443
231,"('hous', 'major', 'leader')",661
232,"('doesnt', 'look', 'like')",536
233,"('well', 'let', 'say')",500
234,"('dont', 'know', 'what')",676
235,"('un', 'secur', 'council')",844
236,"('im', 'say', 'im')",394
237,"('say', 'im', 'say')",387
238,"('make', 'sure', 'peopl')",408
239,"('fox', 'news', 'correspond')",2133
240,"('white', 'hous', 'say')",1291
241,"('senat', 'lindsey', 'graham')",443
242,"('think', 'go', 'see')",370
243,"('presid', 'bush', 'said')",527
244,"('im', 'go', 'give')",966
245,"('still', 'dont', 'know')",426
246,"('realli', 'dont', 'know')",614
247,"('think', 'dont', 'think')",966
248,"('dont', 'think', 'that')",1970
249,"('first', 'top', 'stori')",376
250,"('join', 'us', 'live')",4184
251,"('thank', 'us', 'thank')",791
252,"('well', 'take', 'look')",509
253,"('say', 'dont', 'think')",560
254,"('radio', 'talk', 'show')",1162
255,"('talk', 'show', 'host')",1435
256,"('that', 'im', 'say')",554
257,"('dont', 'think', 'peopl')",681
258,"('dont', 'think', 'hes')",1101
259,"('said', 'im', 'go')",546
260,"('dont', 'want', 'get')",894
261,"('well', 'see', 'happen')",417
262,"('dont', 'know', 'happen')",568
263,"('im', 'go', 'say')",890
264,"('ive', 'ever', 'seen')",499
265,"('think', 'that', 'true')",427
266,"('dont', 'think', 'anyon')",394
267,"('thank', 'much', 'next')",457
268,"('dont', 'know', 'go')",853
269,"('dont', 'want', 'talk')",478
270,"('theyr', 'go', 'say')",527
271,"('your', 'go', 'get')",1625
272,"('governor', 'rick', 'perri')",591
273,"('iran', 'nuclear', 'program')",487
274,"('dont', 'think', 'anybodi')",851
275,"('law', 'enforc', 'offic')",393
276,"('dont', 'know', 'mani')",414
277,"('hes', 'go', 'get')",909
278,"('thank', 'much', 'alway')",405
279,"('presid', 'bush', 'say')",431
280,"('town', 'hall', 'meet')",928
281,"('play', 'race', 'card')",542
282,"('new', 'york', 'state')",726
283,"('world', 'trade', 'center')",741
284,"('think', 'that', 'good')",484
285,"('correspond', 'molli', 'henneberg')",408
286,"('ive', 'never', 'seen')",653
287,"('your', 'go', 'find')",378
288,"('didnt', 'even', 'know')",384
289,"('unit', 'state', 'govern')",608
290,"('know', 'youv', 'got')",499
291,"('coupl', 'day', 'ago')",372
292,"('correspond', 'jame', 'rosen')",1127
293,"('said', 'last', 'night')",376
294,"('last', 'coupl', 'day')",531
295,"('correspond', 'wendel', 'goler')",702
296,"('talk', 'littl', 'bit')",711
297,"('weve', 'got', 'get')",592
298,"('peopl', 'dont', 'know')",856
299,"('say', 'your', 'go')",408
300,"('think', 'that', 'right')",526
301,"('mile', 'per', 'hour')",404
302,"('dont', 'want', 'see')",602
303,"('long', 'period', 'time')",391
304,"('stem', 'cell', 'research')",511
305,"('theyr', 'go', 'go')",771
306,"('nation', 'secur', 'issu')",459
307,"('peopl', 'dont', 'want')",780
308,"('right', 'im', 'go')",594
309,"('vice', 'presidenti', 'candid')",488
310,"('border', 'patrol', 'agent')",706
311,"('york', 'time', 'bestsel')",366
312,"('fred', 'barn', 'execut')",931
313,"('barn', 'execut', 'editor')",948
314,"('execut', 'editor', 'week')",949
315,"('that', 'good', 'point')",680
316,"('your', 'absolut', 'right')",919
317,"('know', 'dont', 'want')",610
318,"('go', 'dont', 'know')",394
319,"('syndic', 'columnist', 'charl')",1509
320,"('columnist', 'charl', 'krauthamm')",1521
321,"('right', 'dont', 'think')",625
322,"('come', 'unit', 'state')",448
323,"('dont', 'even', 'know')",1182
324,"('british', 'prime', 'minist')",393
325,"('week', 'standard', 'mort')",532
326,"('execut', 'editor', 'roll')",741
327,"('editor', 'roll', 'call')",782
328,"('come', 'right', 'back')",1806
329,"('tell', 'us', 'think')",398
330,"('think', 'well', 'think')",501
331,"('littl', 'bit', 'differ')",490
332,"('go', 'take', 'break')",397
333,"('im', 'brit', 'hume')",693
334,"('us', 'suprem', 'court')",465
335,"('state', 'suprem', 'court')",489
336,"('new', 'york', 'post')",669
337,"('dont', 'think', 'want')",376
338,"('suprem', 'court', 'decis')",443
339,"('dont', 'know', 'hes')",591
340,"('know', 'hes', 'go')",562
341,"('coupl', 'year', 'ago')",545
342,"('im', 'go', 'go')",965
343,"('take', 'quick', 'break')",445
344,"('that', 'us', 'today')",615
345,"('washington', 'im', 'brit')",641
346,"('think', 'youv', 'got')",433
347,"('director', 'nation', 'intellig')",440
348,"('hundr', 'million', 'dollar')",454
349,"('id', 'like', 'see')",513
350,"('think', 'your', 'right')",803
351,"('leader', 'mitch', 'mcconnel')",392
352,"('go', 'theyr', 'go')",468
353,"('wait', 'wait', 'wait')",1262
354,"('join', 'us', 'new')",691
355,"('us', 'new', 'york')",712
356,"('former', 'speaker', 'hous')",1056
357,"('go', 'new', 'york')",423
358,"('weve', 'got', 'go')",409
359,"('back', 'new', 'york')",442
360,"('nation', 'secur', 'council')",424
361,"('dont', 'know', 'right')",419
362,"('peopl', 'dont', 'like')",666
363,"('go', 'go', 'back')",595
364,"('yes', 'dont', 'think')",496
365,"('get', 'littl', 'bit')",497
366,"('week', 'standard', 'mara')",369
367,"('standard', 'mara', 'liasson')",369
368,"('white', 'hous', 'correspond')",2697
369,"('dont', 'know', 'theyr')",690
370,"('look', 'like', 'go')",402
371,"('former', 'secretari', 'state')",471
372,"('said', 'dont', 'want')",389
373,"('go', 'web', 'site')",411
374,"('thank', 'much', 'appreci')",1468
375,"('senat', 'hillari', 'clinton')",570
376,"('peopl', 'say', 'well')",448
377,"('health', 'care', 'plan')",912
378,"('dont', 'know', 'your')",494
379,"('told', 'fox', 'news')",414
380,"('today', 'white', 'hous')",399
381,"('ambassador', 'john', 'bolton')",473
382,"('get', 'thing', 'done')",540
383,"('way', 'mean', 'committe')",376
384,"('get', 'someth', 'done')",369
385,"('know', 'weve', 'got')",400
386,"('your', 'go', 'hear')",650
387,"('white', 'hous', 'spokesman')",453
388,"('dont', 'think', 'theyr')",642
389,"('that', 'good', 'question')",440
390,"('go', 'go', 'go')",423
391,"('that', 'what', 'go')",517
392,"('thank', 'much', 'us')",1030
393,"('thank', 'your', 'welcom')",490
394,"('say', 'wait', 'minut')",403
395,"('wait', 'minut', 'wait')",505
396,"('minut', 'wait', 'minut')",439
397,"('right', 'let', 'ask')",741
398,"('guest', 'worker', 'program')",467
399,"('comprehens', 'immigr', 'reform')",491
400,"('right', 'that', 'right')",751
401,"('go', 'back', 'forth')",428
402,"('american', 'peopl', 'dont')",487
403,"('right', 'dont', 'want')",418
404,"('correct', 'im', 'wrong')",377
405,"('state', 'union', 'address')",735
406,"('know', 'theyr', 'go')",775
407,"('go', 'ahead', 'well')",379
408,"('bush', 'tax', 'cut')",1895
409,"('right', 'dont', 'know')",753
410,"('fox', 'news', 'poll')",653
411,"('lot', 'peopl', 'dont')",501
412,"('long', 'time', 'ago')",710
413,"('want', 'get', 'back')",410
414,"('republican', 'presidenti', 'candid')",816
415,"('yes', 'that', 'right')",477
416,"('senior', 'white', 'hous')",716
417,"('well', 'ill', 'tell')",430
418,"('white', 'hous', 'press')",1332
419,"('im', 'go', 'take')",640
420,"('david', 'lee', 'miller')",373
421,"('peopl', 'dont', 'think')",389
422,"('special', 'edit', 'hanniti')",782
423,"('edit', 'hanniti', 'colm')",404
424,"('join', 'us', 'washington')",2266
425,"('spent', 'lot', 'time')",609
426,"('thank', 'us', 'tonight')",1783
427,"('nice', 'see', 'thank')",396
428,"('thank', 'watch', 'us')",2410
429,"('still', 'come', 'tonight')",468
430,"('hanniti', 'colm', 'im')",1580
431,"('colm', 'im', 'alan')",748
432,"('im', 'alan', 'colm')",769
433,"('join', 'us', 'former')",569
434,"('good', 'see', 'thank')",2085
435,"('see', 'thank', 'us')",597
436,"('former', 'presidenti', 'candid')",427
437,"('thank', 'us', 'appreci')",543
438,"('book', 'segment', 'tonight')",1775
439,"('fox', 'news', 'analyst')",1658
440,"('im', 'bill', 'oreilli')",3732
441,"('bill', 'oreilli', 'thank')",1822
442,"('oreilli', 'thank', 'watch')",1791
443,"('american', 'peopl', 'know')",523
444,"('stay', 'us', 'im')",1911
445,"('us', 'im', 'bill')",1627
446,"('unresolv', 'problem', 'segment')",475
447,"('problem', 'segment', 'tonight')",944
448,"('segment', 'tonight', 'know')",471
449,"('stori', 'segment', 'tonight')",1190
450,"('fox', 'news', 'anchor')",644
451,"('let', 'tell', 'someth')",850
452,"('give', 'last', 'word')",1055
453,"('yes', 'dont', 'know')",461
454,"('plenti', 'ahead', 'factor')",1745
455,"('ahead', 'factor', 'move')",1722
456,"('factor', 'move', 'along')",1792
457,"('subject', 'even', 'talk')",1562
458,"('even', 'talk', 'point')",1579
459,"('talk', 'point', 'memo')",3184
460,"('that', 'memo', 'top')",1304
461,"('memo', 'top', 'stori')",1378
462,"('top', 'stori', 'tonight')",2128
463,"('observ', 'fred', 'barn')",399
464,"('come', 'back', 'panel')",441
465,"('that', 'panel', 'stay')",1110
466,"('panel', 'stay', 'tune')",1634
467,"('minut', 'televis', 'latest')",715
468,"('next', 'special', 'report')",1993
469,"('updat', 'headlin', 'come')",508
470,"('headlin', 'come', 'back')",584
471,"('welcom', 'washington', 'im')",1226
472,"('white', 'hous', 'today')",427
473,"('fox', 'news', 'chief')",649
474,"('chief', 'white', 'hous')",991
475,"('correspond', 'bret', 'baier')",582
476,"('bret', 'baier', 'report')",377
477,"('im', 'tri', 'get')",423
478,"('pm', 'eastern', 'time')",703
479,"('make', 'sure', 'get')",407
480,"('stay', 'tune', 'see')",587
481,"('senat', 'rick', 'santorum')",682
482,"('hous', 'newt', 'gingrich')",793
483,"('dont', 'know', 'say')",396
484,"('see', 'tomorrow', 'night')",625
485,"('back', 'unit', 'state')",378
486,"('join', 'us', 'phone')",872
487,"('us', 'good', 'even')",563
488,"('greta', 'van', 'susteren')",2574
489,"('im', 'go', 'tell')",851
490,"('pleas', 'email', 'us')",820
491,"('keep', 'right', 'fox')",786
492,"('well', 'ask', 'sunday')",463
493,"('news', 'sunday', 'hello')",384
494,"('think', 'mitt', 'romney')",506
495,"('peopl', 'back', 'work')",442
496,"('balanc', 'budget', 'amend')",707
497,"('congressman', 'paul', 'ryan')",396
498,"('im', 'go', 'let')",447
499,"('unit', 'state', 'go')",520
500,"('governor', 'mitt', 'romney')",1032
501,"('bill', 'kristol', 'week')",502
502,"('kristol', 'week', 'standard')",502
503,"('fox', 'news', 'polit')",598
504,"('news', 'polit', 'analyst')",524
505,"('payrol', 'tax', 'cut')",526
506,"('dont', 'ask', 'dont')",696
507,"('ask', 'dont', 'tell')",674
508,"('presid', 'obama', 'said')",905
509,"('attorney', 'general', 'holder')",369
510,"('extend', 'bush', 'tax')",388
511,"('presid', 'obama', 'want')",473
512,"('social', 'secur', 'medicar')",666
513,"('iowa', 'new', 'hampshir')",818
514,"('think', 'presid', 'obama')",831
515,"('health', 'care', 'reform')",3200
516,"('say', 'presid', 'obama')",673
517,"('vice', 'presid', 'biden')",1271
518,"('rais', 'debt', 'ceil')",873
519,"('fox', 'news', 'senior')",386
520,"('senior', 'polit', 'analyst')",519
521,"('lame', 'duck', 'session')",394
522,"('occupi', 'wall', 'street')",968
523,"('want', 'rais', 'tax')",437
524,"('go', 'im', 'go')",469
525,"('speaker', 'hous', 'newt')",791
526,"('speaker', 'john', 'boehner')",464
527,"('presid', 'obama', 'go')",496
528,"('good', 'even', 'im')",634
529,"('hous', 'press', 'secretari')",929
530,"('secretari', 'state', 'hillari')",845
531,"('state', 'hillari', 'clinton')",881
532,"('obama', 'white', 'hous')",683
533,"('get', 'nuclear', 'weapon')",486
534,"('barack', 'obama', 'said')",569
535,"('khalid', 'sheikh', 'moham')",719
536,"('nation', 'health', 'care')",583
537,"('tea', 'parti', 'movement')",1256
538,"('tea', 'parti', 'peopl')",467
539,"('attorney', 'general', 'eric')",731
540,"('general', 'eric', 'holder')",732
541,"('pay', 'fair', 'share')",390
542,"('governor', 'chris', 'christi')",402
543,"('small', 'busi', 'owner')",621
544,"('join', 'us', 'tonight')",441
545,"('presid', 'barack', 'obama')",633
546,"('nation', 'secur', 'correspond')",554
547,"('secur', 'correspond', 'jennif')",520
548,"('correspond', 'jennif', 'griffin')",668
549,"('vice', 'presid', 'joe')",503
550,"('presid', 'joe', 'biden')",519
551,"('even', 'im', 'bret')",541
552,"('im', 'bret', 'baier')",1147
553,"('former', 'vice', 'presid')",824
554,"('short', 'time', 'ago')",705
555,"('nation', 'correspond', 'catherin')",466
556,"('correspond', 'catherin', 'herridg')",648
557,"('usama', 'bin', 'laden')",1167
558,"('live', 'north', 'lawn')",454
559,"('correspond', 'shannon', 'bream')",451
560,"('thank', 'invit', 'us')",716
561,"('invit', 'us', 'home')",708
562,"('that', 'special', 'report')",1516
563,"('special', 'report', 'fair')",605
564,"('report', 'fair', 'balanc')",607
565,"('think', 'barack', 'obama')",730
566,"('hillari', 'clinton', 'barack')",426
567,"('clinton', 'barack', 'obama')",487
568,"('al', 'qaeda', 'iraq')",371
569,"('fox', 'busi', 'network')",867
570,"('want', 'dont', 'want')",381
571,"('barack', 'obama', 'go')",496
572,"('like', 'barack', 'obama')",370
573,"('chief', 'polit', 'correspond')",1373
574,"('polit', 'correspond', 'carl')",1198
575,"('correspond', 'carl', 'cameron')",1459
576,"('dont', 'know', 'well')",475
577,"('health', 'care', 'bill')",1912
578,"('real', 'clear', 'polit')",444
579,"('get', 'health', 'care')",411
580,"('barack', 'obama', 'say')",566
581,"('congressman', 'thank', 'much')",392
582,"('senat', 'barack', 'obama')",644
583,"('major', 'leader', 'harri')",1062
584,"('cut', 'cap', 'balanc')",409
585,"('right', 'let', 'go')",767
586,"('presid', 'obama', 'say')",809
587,"('go', 'rais', 'tax')",414
588,"('behind', 'close', 'door')",750
589,"('well', 'think', 'think')",407
590,"('barack', 'obama', 'think')",407
591,"('general', 'david', 'petraeus')",445
592,"('governor', 'sarah', 'palin')",1418
593,"('go', 'ahead', 'go')",465
594,"('isra', 'prime', 'minist')",579
595,"('secretari', 'state', 'clinton')",420
596,"('say', 'barack', 'obama')",436
597,"('former', 'presid', 'bill')",497
598,"('presid', 'bill', 'clinton')",778
599,"('health', 'care', 'law')",923
600,"('carl', 'cameron', 'report')",645
601,"('ill', 'give', 'last')",669
602,"('jame', 'rosen', 'fox')",408
603,"('rosen', 'fox', 'news')",404
604,"('alway', 'good', 'see')",858
605,"('governor', 'scott', 'walker')",364
606,"('fanni', 'mae', 'freddi')",543
607,"('mae', 'freddi', 'mac')",538
608,"('buy', 'health', 'insur')",377
609,"('check', 'fox', 'news')",455
610,"('dont', 'want', 'hear')",508
611,"('know', 'barack', 'obama')",399
612,"('tell', 'us', 'what')",500
613,"('chief', 'washington', 'correspond')",1236
614,"('join', 'us', 'good')",616
615,"('your', 'go', 'go')",475
616,"('check', 'greta', 'van')",876
617,"('dont', 'want', 'miss')",1081
618,"('let', 'roll', 'tape')",451
619,"('seen', 'top', 'stori')",659
620,"('top', 'stori', 'best')",562
621,"('stori', 'best', 'rest')",563
622,"('nice', 'see', 'sir')",598
623,"('see', 'good', 'see')",434
624,"('oreilli', 'factor', 'tonight')",1842
625,"('caution', 'enter', 'spin')",1363
626,"('enter', 'spin', 'zone')",1678
627,"('spin', 'zone', 'factor')",1458
628,"('zone', 'factor', 'begin')",1824
629,"('factor', 'begin', 'right')",1916
630,"('begin', 'right', 'hi')",1884
631,"('right', 'hi', 'im')",1773
632,"('hi', 'im', 'bill')",1608
633,"('watch', 'us', 'tonight')",2060
634,"('stori', 'tonight', 'reaction')",375
635,"('us', 'washington', 'fox')",508
636,"('washington', 'fox', 'news')",596
637,"('attorney', 'fox', 'news')",440
638,"('move', 'along', 'even')",1709
639,"('hope', 'stay', 'tune')",1498
640,"('impact', 'segment', 'tonight')",750
641,"('back', 'book', 'segment')",608
642,"('tonight', 'great', 'american')",408
643,"('us', 'tonight', 'pleas')",506
644,"('tonight', 'pleas', 'check')",481
645,"('pleas', 'check', 'fox')",415
646,"('fox', 'news', 'factor')",453
647,"('news', 'factor', 'web')",421
648,"('factor', 'web', 'site')",595
649,"('web', 'site', 'differ')",458
650,"('site', 'differ', 'billoreillycom')",449
651,"('like', 'spout', 'factor')",411
652,"('oreillyfoxnewscom', 'oreillyfoxnewscom', 'name')",1389
653,"('oreillyfoxnewscom', 'name', 'town')",1470
654,"('name', 'town', 'wish')",1475
655,"('town', 'wish', 'opin')",1458
656,"('wish', 'opin', 'word')",388
657,"('opin', 'word', 'day')",389
658,"('us', 'tonight', 'bill')",415
659,"('tonight', 'bill', 'oreilli')",761
660,"('bill', 'oreilli', 'pleas')",572
661,"('rememb', 'spin', 'stop')",1789
662,"('fresh', 'pick', 'polit')",1132
663,"('pick', 'polit', 'grapevin')",1140
664,"('let', 'bring', 'panel')",967
665,"('us', 'home', 'tonight')",676
666,"('tonight', 'special', 'report')",371
667,"('fox', 'news', 'alert')",2484
668,"('correspond', 'mike', 'emanuel')",639
669,"('correspond', 'jim', 'angl')",1149
670,"('good', 'even', 'bret')",380
671,"('know', 'im', 'talk')",403
672,"('special', 'report', 'presid')",467
673,"('saturday', 'night', 'live')",671
674,"('right', 'thank', 'much')",377
675,"('health', 'human', 'servic')",470
676,"('vote', 'barack', 'obama')",482
677,"('way', 'fair', 'balanc')",435
678,"('thank', 'us', 'come')",497
679,"('polit', 'analyst', 'brit')",394
680,"('analyst', 'brit', 'hume')",398
681,"('good', 'see', 'good')",516
682,"('democrat', 'presidenti', 'candid')",496
683,"('presid', 'mahmoud', 'ahmadinejad')",411
684,"('iraq', 'studi', 'group')",386
685,"('speaker', 'nanci', 'pelosi')",846
686,"('standard', 'mort', 'kondrack')",519
687,"('tell', 'fox', 'news')",571
688,"('weve', 'got', 'run')",661
689,"('hanniti', 'colm', 'come')",440
690,"('right', 'hanniti', 'colm')",1002
691,"('welcom', 'hanniti', 'colm')",468
692,"('come', 'right', 'hanniti')",446
693,"('well', 'see', 'tomorrow')",1023
694,"('us', 'live', 'phone')",436
695,"('power', 'name', 'news')",875
696,"('person', 'stori', 'segment')",563
697,"('factor', 'followup', 'segment')",373
698,"('followup', 'segment', 'tonight')",757
699,"('hanniti', 'colm', 'next')",700
700,"('bill', 'oreilli', 'hope')",1098
701,"('oreilli', 'hope', 'see')",1091
702,"('hope', 'see', 'next')",1129
703,"('next', 'time', 'rememb')",1180
704,"('spin', 'stop', 'right')",1272
705,"('back', 'hanniti', 'colm')",1561
706,"('time', 'left', 'even')",843
707,"('alway', 'thank', 'us')",416
708,"('good', 'even', 'greta')",651
709,"('start', 'right', 'right')",390
710,"('welcom', 'back', 'hanniti')",1306
711,"('come', 'straight', 'ahead')",608
712,"('straight', 'ahead', 'continu')",484
713,"('look', 'what', 'come')",603
714,"('hous', 'speaker', 'nanci')",595
715,"('that', 'time', 'left')",560
716,"('governor', 'rod', 'blagojevich')",366
717,"('guy', 'good', 'see')",709
718,"('public', 'radio', 'syndic')",465
719,"('radio', 'syndic', 'columnist')",465
720,"('right', 'right', 'right')",375
721,"('correspond', 'major', 'garrett')",1210
722,"('major', 'garrett', 'report')",612
723,"('next', 'final', 'tonight')",687
724,"('tonight', 'hanniti', 'america')",439
725,"('brand', 'new', 'book')",504
726,"('yes', 'yes', 'yes')",434
727,"('see', 'thank', 'much')",444
728,"('crimin', 'defens', 'attorney')",978
729,"('former', 'new', 'york')",471
730,"('anna', 'nicol', 'smith')",1123
731,"('dr', 'michael', 'baden')",431
732,"('final', 'tonight', 'mail')",895
733,"('web', 'site', 'wwwfoxnewscomoreilli')",846
734,"('email', 'us', 'pithi')",953
735,"('us', 'pithi', 'comment')",902
736,"('pithi', 'comment', 'anywher')",571
737,"('comment', 'anywher', 'world')",571
738,"('anywher', 'world', 'oreillyfoxnewscom')",865
739,"('world', 'oreillyfoxnewscom', 'oreillyfoxnewscom')",830
740,"('wish', 'opin', 'pleas')",508
741,"('us', 'today', 'factor')",584
742,"('today', 'factor', 'continu')",587
743,"('factor', 'continu', 'billoreillycom')",607
744,"('time', 'rememb', 'spin')",1147
745,"('jim', 'angl', 'report')",565
746,"('let', 'heart', 'troubl')",974
747,"('heart', 'troubl', 'great')",421
748,"('troubl', 'great', 'great')",376
749,"('great', 'great', 'american')",1930
750,"('great', 'american', 'panel')",3362
751,"('american', 'panel', 'straight')",476
752,"('tonight', 'great', 'great')",456
753,"('continu', 'great', 'american')",524
754,"('american', 'panel', 'right')",521
755,"('thank', 'thank', 'greta')",590
756,"('time', 'last', 'call')",689
757,"('close', 'shop', 'thank')",445
758,"('shop', 'thank', 'us')",421
759,"('washington', 'correspond', 'jim')",1003
760,"('hous', 'correspond', 'wendel')",589
761,"('panel', 'steve', 'hay')",373
762,"('steve', 'hay', 'senior')",508
763,"('hay', 'senior', 'writer')",513
764,"('senior', 'writer', 'week')",518
765,"('writer', 'week', 'standard')",519
766,"('home', 'tonight', 'that')",386
767,"('tonight', 'that', 'special')",388
768,"('whoa', 'whoa', 'whoa')",367
769,"('hous', 'correspond', 'major')",397
770,"('im', 'sean', 'hanniti')",882
771,"('that', 'next', 'final')",407
772,"('fox', 'news', 'learn')",369
773,"('us', 'tonight', 'well')",747
774,"('tonight', 'well', 'see')",711
775,"('william', 'la', 'jeuness')",489
776,"('great', 'great', 'great')",1018
777,"('continu', 'hanniti', 'colm')",511
778,"('colm', 'im', 'sean')",573
779,"('ridicul', 'item', 'day')",821
780,"('billoreillycom', 'premium', 'member')",639
781,"('pithi', 'comment', 'oreillyfoxnewscom')",365
782,"('thank', 'watch', 'factor')",561
783,"('wrap', 'thing', 'ridicul')",479
784,"('thing', 'ridicul', 'item')",475
785,"('enter', 'nospin', 'zone')",442
786,"('nospin', 'zone', 'factor')",367
787,"('kondrack', 'execut', 'editor')",755
788,"('special', 'report', 'time')",865
789,"('report', 'time', 'pleas')",659
790,"('fox', 'news', 'next')",670
791,"('news', 'next', 'special')",574
792,"('tonight', 'fox', 'report')",387
793,"('name', 'town', 'name')",1406
794,"('town', 'name', 'town')",1407
795,"('watch', 'factor', 'pleas')",395
796,"('pleas', 'listen', 'radio')",410
797,"('listen', 'radio', 'factor')",494
798,"('look', 'youback', 'book')",623
799,"('youback', 'book', 'segment')",638
800,"('jame', 'rosen', 'report')",476
801,"('mort', 'kondrack', 'execut')",735
802,"('youthank', 'stay', 'us')",370
803,"('assist', 'da', 'jim')",369
804,"('da', 'jim', 'hammer')",387
805,"('thank', 'greta', 'come')",499
806,"('next', 'time', 'meantim')",652
807,"('televis', 'latest', 'polit')",710
808,"('latest', 'polit', 'grapevin')",762
809,"('next', 'guest', 'say')",623
810,"('greta', 'good', 'even')",416
811,"('charl', 'krauthamm', 'fox')",556
812,"('krauthamm', 'fox', 'news')",547
813,"('well', 'wrap', 'thing')",364
814,"('sir', 'thank', 'greta')",382
815,"('balanc', 'unafraidnext', 'special')",447
816,"('unafraidnext', 'special', 'report')",455
817,"('stop', 'right', 'definit')",785
818,"('right', 'definit', 'look')",785
819,"('right', 'welcom', 'washington')",774
820,"('oreilli', 'factor', 'next')",648
821,"('new', 'york', 'newsroom')",461
822,"('news', 'channel', 'power')",825
823,"('channel', 'power', 'name')",824
824,"('come', 'show', 'oreilli')",538
825,"('time', 'pleas', 'tune')",567
826,"('time', 'meantim', 'news')",551
827,"('news', 'way', 'fair')",413
828,"('show', 'oreilli', 'factor')",570
829,"('what', 'come', 'show')",438
830,"('joran', 'van', 'der')",1597
831,"('van', 'der', 'sloot')",2689
832,"('here', 'look', 'what')",410
833,"('good', 'even', 'sir')",522
834,"('definit', 'look', 'youback')",373
835,"('special', 'report', 'good')",492
836,"('right', 'right', 'welcom')",864
837,"('pinhead', 'patriot', 'next')",367
838,"('mari', 'katharin', 'ham')",370
839,"('washington', 'im', 'bret')",396
840,"('best', 'rest', 'still')",394
841,"('rest', 'still', 'ahead')",389
842,"('almost', 'flash', 'studio')",480
843,"('flash', 'studio', 'light')",513
844,"('studio', 'light', 'time')",499
845,"('light', 'time', 'last')",501
846,"('final', 'tonight', 'pinhead')",434
847,"('tonight', 'pinhead', 'patriot')",448
848,"('pinhead', 'patriot', 'deck')",437
849,"('report', 'good', 'even')",486
850,"('tonight', 'presid', 'obama')",379
851,"('last', 'call', 'light')",442
852,"('call', 'light', 'blink')",437
853,"('light', 'blink', 'close')",436
854,"('blink', 'close', 'shop')",426
855,"('friday', 'lightn', 'round')",421
