position,ngrams
0,"('speaker', 'move', 'suspend')"
1,"('move', 'suspend', 'rule')"
2,"('suspend', 'rule', 'pass')"
3,"('rule', 'pass', 'bill')"
4,"('pass', 'bill', 'hr')"
5,"('bill', 'hr', '3980')"
6,"('hr', '3980', 'provid')"
7,"('3980', 'provid', 'identifi')"
8,"('provid', 'identifi', 'elimin')"
9,"('identifi', 'elimin', 'redund')"
10,"('elimin', 'redund', 'report')"
11,"('redund', 'report', 'requir')"
12,"('report', 'requir', 'develop')"
13,"('requir', 'develop', 'meaning')"
14,"('develop', 'meaning', 'perform')"
15,"('meaning', 'perform', 'metric')"
16,"('perform', 'metric', 'homeland')"
17,"('metric', 'homeland', 'secur')"
18,"('homeland', 'secur', 'prepared')"
19,"('secur', 'prepared', 'grant')"
20,"('prepared', 'grant', 'purpos')"
21,"('grant', 'purpos', 'amend')"
22,"('purpos', 'amend', 'clerk')"
23,"('amend', 'clerk', 'read')"
24,"('clerk', 'read', 'titl')"
25,"('read', 'titl', 'bill')"
26,"('titl', 'bill', 'text')"
27,"('bill', 'text', 'bill')"
28,"('text', 'bill', 'follow')"
29,"('bill', 'follow', 'hr')"
30,"('follow', 'hr', '3980')"
31,"('hr', '3980', 'enact')"
32,"('3980', 'enact', 'senat')"
33,"('enact', 'senat', 'hous')"
34,"('senat', 'hous', 'repres')"
35,"('hous', 'repres', 'unit')"
36,"('repres', 'unit', 'state')"
37,"('unit', 'state', 'america')"
38,"('state', 'america', 'congress')"
39,"('america', 'congress', 'assembl')"
40,"('congress', 'assembl', 'section')"
41,"('assembl', 'section', 'short')"
42,"('section', 'short', 'titl')"
43,"('short', 'titl', 'act')"
44,"('titl', 'act', 'cite')"
45,"('act', 'cite', 'redund')"
46,"('cite', 'redund', 'elimin')"
47,"('redund', 'elimin', 'enhanc')"
48,"('elimin', 'enhanc', 'perform')"
49,"('enhanc', 'perform', 'prepared')"
50,"('perform', 'prepared', 'grant')"
51,"('prepared', 'grant', 'act')"
52,"('grant', 'act', 'sec')"
53,"('act', 'sec', 'identif')"
54,"('sec', 'identif', 'report')"
55,"('identif', 'report', 'redund')"
56,"('report', 'redund', 'develop')"
57,"('redund', 'develop', 'perform')"
58,"('develop', 'perform', 'metric')"
59,"('prepared', 'grant', 'program')"
60,"('grant', 'program', 'generaltitl')"
61,"('program', 'generaltitl', 'xx')"
62,"('generaltitl', 'xx', 'homeland')"
63,"('xx', 'homeland', 'secur')"
64,"('homeland', 'secur', 'act')"
65,"('secur', 'act', '2002')"
66,"('act', '2002', 'usc')"
67,"('2002', 'usc', '601')"
68,"('usc', '601', 'et')"
69,"('601', 'et', 'seq')"
70,"('et', 'seq', 'amend')"
71,"('seq', 'amend', 'ad')"
72,"('amend', 'ad', 'end')"
73,"('ad', 'end', 'follow')"
74,"('end', 'follow', 'new')"
75,"('follow', 'new', 'section')"
76,"('new', 'section', 'sec')"
77,"('section', 'sec', '2023')"
78,"('sec', '2023', 'identif')"
79,"('2023', 'identif', 'report')"
80,"('perform', 'metric', 'generalth')"
81,"('metric', 'generalth', 'administr')"
82,"('generalth', 'administr', 'shall')"
83,"('administr', 'shall', 'grant')"
84,"('shall', 'grant', 'section')"
85,"('grant', 'section', '2003')"
86,"('section', '2003', '2004')"
87,"('2003', '2004', 'grant')"
88,"('2004', 'grant', 'specifi')"
89,"('grant', 'specifi', 'administr')"
90,"('specifi', 'administr', 'submit')"
91,"('administr', 'submit', 'report')"
92,"('submit', 'report', 'appropri')"
93,"('report', 'appropri', 'committe')"
94,"('appropri', 'committe', 'congress')"
95,"('committe', 'congress', 'later')"
96,"('congress', 'later', '120')"
97,"('later', '120', 'day')"
98,"('120', 'day', 'date')"
99,"('day', 'date', 'enact')"
100,"('date', 'enact', 'redund')"
101,"('enact', 'redund', 'elimin')"
102,"('grant', 'act', 'octob')"
103,"('act', 'octob', '1st')"
104,"('octob', '1st', 'everi')"
105,"('1st', 'everi', 'year')"
106,"('everi', 'year', 'thereaft')"
107,"('year', 'thereaft', 'identifi')"
108,"('thereaft', 'identifi', 'redund')"
109,"('identifi', 'redund', 'rule')"
110,"('redund', 'rule', 'regul')"
111,"('rule', 'regul', 'requir')"
112,"('regul', 'requir', 'report')"
113,"('requir', 'report', 'recipi')"
114,"('report', 'recipi', 'grant')"
115,"('recipi', 'grant', 'includ')"
116,"('grant', 'includ', 'plan')"
117,"('includ', 'plan', 'elimin')"
118,"('plan', 'elimin', 'identifi')"
119,"('elimin', 'identifi', 'redund')"
120,"('identifi', 'redund', 'requir')"
121,"('redund', 'requir', 'includ')"
122,"('requir', 'includ', 'plan')"
123,"('includ', 'plan', 'develop')"
124,"('plan', 'develop', 'improv')"
125,"('develop', 'improv', 'perform')"
126,"('improv', 'perform', 'metric')"
127,"('perform', 'metric', 'requir')"
128,"('metric', 'requir', 'section')"
129,"('requir', 'section', '2022a4')"
130,"('section', '2022a4', 'grant')"
131,"('2022a4', 'grant', 'includ')"
132,"('grant', 'includ', 'assess')"
133,"('includ', 'assess', 'program')"
134,"('assess', 'program', 'grant')"
135,"('program', 'grant', 'award')"
136,"('grant', 'award', 'plan')"
137,"('award', 'plan', 'requirementseach')"
138,"('plan', 'requirementseach', 'plan')"
139,"('requirementseach', 'plan', 'subsect')"
140,"('plan', 'subsect', 'shall')"
141,"('subsect', 'shall', 'develop')"
142,"('shall', 'develop', 'coordin')"
143,"('develop', 'coordin', 'state')"
144,"('coordin', 'state', 'local')"
145,"('state', 'local', 'tribal')"
146,"('local', 'tribal', 'territori')"
147,"('tribal', 'territori', 'govern')"
148,"('territori', 'govern', 'shall')"
149,"('govern', 'shall', 'includ')"
150,"('shall', 'includ', 'propos')"
151,"('includ', 'propos', 'timelin')"
152,"('propos', 'timelin', 'action')"
153,"('timelin', 'action', 'implement')"
154,"('action', 'implement', 'plan')"
155,"('implement', 'plan', 'program')"
156,"('plan', 'program', 'assess')"
157,"('program', 'assess', 'requirementseach')"
158,"('assess', 'requirementseach', 'program')"
159,"('requirementseach', 'program', 'assess')"
160,"('program', 'assess', 'subsect')"
161,"('assess', 'subsect', 'a3')"
162,"('subsect', 'a3', 'shall')"
163,"('a3', 'shall', 'includ')"
164,"('shall', 'includ', 'brief')"
165,"('includ', 'brief', 'summari')"
166,"('brief', 'summari', 'program')"
167,"('summari', 'program', 'purpos')"
168,"('program', 'purpos', 'object')"
169,"('purpos', 'object', 'perform')"
170,"('object', 'perform', 'goal')"
171,"('perform', 'goal', 'key')"
172,"('goal', 'key', 'find')"
173,"('key', 'find', 'assess')"
174,"('find', 'assess', 'assess')"
175,"('assess', 'assess', 'qualiti')"
176,"('assess', 'qualiti', 'program')"
177,"('qualiti', 'program', 'perform')"
178,"('program', 'perform', 'metric')"
179,"('perform', 'metric', 'extent')"
180,"('metric', 'extent', 'necessari')"
181,"('extent', 'necessari', 'perform')"
182,"('necessari', 'perform', 'data')"
183,"('perform', 'data', 'collect')"
184,"('data', 'collect', 'summari')"
185,"('collect', 'summari', 'program')"
186,"('summari', 'program', 'strength')"
187,"('program', 'strength', 'weak')"
188,"('strength', 'weak', 'imped')"
189,"('weak', 'imped', 'contribut')"
190,"('imped', 'contribut', 'failur')"
191,"('contribut', 'failur', 'success')"
192,"('failur', 'success', 'includ')"
193,"('success', 'includ', 'reason')"
194,"('includ', 'reason', 'substanti')"
195,"('reason', 'substanti', 'variat')"
196,"('substanti', 'variat', 'target')"
197,"('variat', 'target', 'level')"
198,"('target', 'level', 'perform')"
199,"('level', 'perform', 'program')"
200,"('perform', 'program', 'descript')"
201,"('program', 'descript', 'extent')"
202,"('descript', 'extent', 'trend')"
203,"('extent', 'trend', 'develop')"
204,"('trend', 'develop', 'emerg')"
205,"('develop', 'emerg', 'condit')"
206,"('emerg', 'condit', 'affect')"
207,"('condit', 'affect', 'need')"
208,"('affect', 'need', 'chang')"
209,"('need', 'chang', 'mission')"
210,"('chang', 'mission', 'program')"
211,"('mission', 'program', 'way')"
212,"('program', 'way', 'program')"
213,"('way', 'program', 'carri')"
214,"('program', 'carri', 'identif')"
215,"('carri', 'identif', 'best')"
216,"('identif', 'best', 'practic')"
217,"('best', 'practic', 'use')"
218,"('practic', 'use', 'program')"
219,"('use', 'program', 'alloc')"
220,"('program', 'alloc', 'resourc')"
221,"('alloc', 'resourc', 'effici')"
222,"('resourc', 'effici', 'effect')"
223,"('effici', 'effect', 'manner')"
224,"('effect', 'manner', 'result')"
225,"('manner', 'result', 'posit')"
226,"('result', 'posit', 'outcom')"
227,"('posit', 'outcom', 'key')"
228,"('outcom', 'key', 'reason')"
229,"('key', 'reason', 'practic')"
230,"('reason', 'practic', 'result')"
231,"('practic', 'result', 'posit')"
232,"('posit', 'outcom', 'recommend')"
233,"('outcom', 'recommend', 'program')"
234,"('recommend', 'program', 'modif')"
235,"('program', 'modif', 'improv')"
236,"('modif', 'improv', 'result')"
237,"('improv', 'result', 'program')"
238,"('result', 'program', 'achiev')"
239,"('program', 'achiev', 'summari')"
240,"('achiev', 'summari', 'key')"
241,"('summari', 'key', 'result')"
242,"('key', 'result', 'program')"
243,"('result', 'program', 'assess')"
244,"('program', 'assess', 'support')"
245,"('assess', 'support', 'maxim')"
246,"('support', 'maxim', 'amount')"
247,"('maxim', 'amount', 'fund')"
248,"('amount', 'fund', 'appropri')"
249,"('fund', 'appropri', 'program')"
250,"('appropri', 'program', 'assess')"
251,"('program', 'assess', 'qualiti')"
252,"('assess', 'qualiti', 'custom')"
253,"('qualiti', 'custom', 'servic')"
254,"('custom', 'servic', 'offer')"
255,"('servic', 'offer', 'recipi')"
256,"('offer', 'recipi', 'fund')"
257,"('recipi', 'fund', 'program')"
258,"('fund', 'program', 'strategi')"
259,"('program', 'strategi', 'improv')"
260,"('strategi', 'improv', 'servic')"
261,"('improv', 'servic', 'cleric')"
262,"('servic', 'cleric', 'amendmentth')"
263,"('cleric', 'amendmentth', 'tabl')"
264,"('amendmentth', 'tabl', 'content')"
265,"('tabl', 'content', 'section')"
266,"('content', 'section', '1b')"
267,"('section', '1b', 'act')"
268,"('1b', 'act', 'amend')"
269,"('act', 'amend', 'ad')"
270,"('ad', 'end', 'item')"
271,"('end', 'item', 'relat')"
272,"('item', 'relat', 'titl')"
273,"('relat', 'titl', 'xx')"
274,"('titl', 'xx', 'follow')"
275,"('xx', 'follow', 'new')"
276,"('follow', 'new', 'item')"
277,"('new', 'item', 'sec')"
278,"('item', 'sec', '2023')"
279,"('perform', 'metric', 'speaker')"
280,"('metric', 'speaker', 'ask')"
281,"('speaker', 'ask', 'unanim')"
282,"('ask', 'unanim', 'consent')"
283,"('unanim', 'consent', 'member')"
284,"('consent', 'member', 'legisl')"
285,"('member', 'legisl', 'day')"
286,"('legisl', 'day', 'revis')"
287,"('day', 'revis', 'extend')"
288,"('revis', 'extend', 'remark')"
289,"('extend', 'remark', 'insert')"
290,"('remark', 'insert', 'extran')"
291,"('insert', 'extran', 'materi')"
292,"('extran', 'materi', 'bill')"
293,"('materi', 'bill', 'consider')"
294,"('bill', 'consider', 'speaker')"
295,"('consider', 'speaker', 'rise')"
296,"('speaker', 'rise', 'support')"
297,"('rise', 'support', 'bill')"
298,"('support', 'bill', 'yield')"
299,"('bill', 'yield', 'time')"
300,"('yield', 'time', 'consum')"
301,"('time', 'consum', 'mr')"
302,"('consum', 'mr', 'speaker')"
303,"('mr', 'speaker', 'congress')"
304,"('speaker', 'congress', 'instruct')"
305,"('congress', 'instruct', 'fema')"
306,"('instruct', 'fema', 'postkatrina')"
307,"('fema', 'postkatrina', 'emerg')"
308,"('postkatrina', 'emerg', 'manag')"
309,"('emerg', 'manag', 'reform')"
310,"('manag', 'reform', 'act')"
311,"('reform', 'act', '2006')"
312,"('act', '2006', 'implement')"
313,"('2006', 'implement', 'recommend')"
314,"('implement', 'recommend', '911')"
315,"('recommend', '911', 'commiss')"
316,"('911', 'commiss', 'act')"
317,"('commiss', 'act', '2007')"
318,"('act', '2007', 'develop')"
319,"('2007', 'develop', 'perform')"
320,"('homeland', 'secur', 'grant')"
321,"('secur', 'grant', 'program')"
322,"('grant', 'program', 'hous')"
323,"('program', 'hous', 'committe')"
324,"('hous', 'committe', 'homeland')"
325,"('committe', 'homeland', 'secur')"
326,"('homeland', 'secur', 'discov')"
327,"('secur', 'discov', 'octob')"
328,"('discov', 'octob', '27')"
329,"('octob', '27', 'subcommitte')"
330,"('27', 'subcommitte', 'hear')"
331,"('subcommitte', 'hear', 'held')"
332,"('hear', 'held', 'rank')"
333,"('held', 'rank', 'member')"
334,"('rank', 'member', 'hear')"
335,"('member', 'hear', 'emerg')"
336,"('hear', 'emerg', 'communic')"
337,"('emerg', 'communic', 'requir')"
338,"('communic', 'requir', 'remain')"
339,"('requir', 'remain', 'poor')"
340,"('remain', 'poor', 'implement')"
341,"('poor', 'implement', 'difficult')"
342,"('implement', 'difficult', 'comprehend')"
343,"('difficult', 'comprehend', 'disconcert')"
344,"('comprehend', 'disconcert', 'fema')"
345,"('disconcert', 'fema', 'still')"
346,"('fema', 'still', 'determin')"
347,"('still', 'determin', 'nation')"
348,"('determin', 'nation', 'overal')"
349,"('nation', 'overal', 'prepared')"
350,"('overal', 'prepared', 'homeland')"
351,"('prepared', 'homeland', 'secur')"
352,"('secur', 'grant', 'help')"
353,"('grant', 'help', 'protect')"
354,"('help', 'protect', 'nation')"
355,"('protect', 'nation', 'act')"
356,"('nation', 'act', 'terror')"
357,"('act', 'terror', 'reason')"
358,"('terror', 'reason', 'come')"
359,"('reason', 'come', 'today')"
360,"('come', 'today', 'ask')"
361,"('today', 'ask', 'support')"
362,"('ask', 'support', 'hr')"
363,"('support', 'hr', '3980')"
364,"('hr', '3980', 'redund')"
365,"('3980', 'redund', 'elimin')"
366,"('grant', 'act', 'legisl')"
367,"('act', 'legisl', 'requir')"
368,"('legisl', 'requir', 'fema')"
369,"('requir', 'fema', 'work')"
370,"('fema', 'work', 'conjunct')"
371,"('work', 'conjunct', 'state')"
372,"('conjunct', 'state', 'local')"
373,"('tribal', 'territori', 'stakehold')"
374,"('territori', 'stakehold', 'develop')"
375,"('stakehold', 'develop', 'plan')"
376,"('develop', 'plan', 'follow')"
377,"('plan', 'follow', 'thing')"
378,"('follow', 'thing', 'streamlin')"
379,"('thing', 'streamlin', 'homeland')"
380,"('streamlin', 'homeland', 'secur')"
381,"('secur', 'grant', 'report')"
382,"('grant', 'report', 'requir')"
383,"('report', 'requir', 'rule')"
384,"('requir', 'rule', 'regul')"
385,"('rule', 'regul', 'elimin')"
386,"('regul', 'elimin', 'redund')"
387,"('redund', 'report', 'creat')"
388,"('report', 'creat', 'strategi')"
389,"('creat', 'strategi', 'includ')"
390,"('strategi', 'includ', 'timet')"
391,"('includ', 'timet', 'establish')"
392,"('timet', 'establish', 'much')"
393,"('establish', 'much', 'need')"
394,"('much', 'need', 'perform')"
395,"('need', 'perform', 'metric')"
396,"('perform', 'metric', 'grant')"
397,"('metric', 'grant', 'program')"
398,"('grant', 'program', 'ensur')"
399,"('program', 'ensur', 'fund')"
400,"('ensur', 'fund', 'direct')"
401,"('fund', 'direct', 'area')"
402,"('direct', 'area', 'best')"
403,"('area', 'best', 'spent')"
404,"('best', 'spent', 'requir')"
405,"('spent', 'requir', 'fema')"
406,"('requir', 'fema', 'take')"
407,"('fema', 'take', 'inventori')"
408,"('take', 'inventori', 'homeland')"
409,"('inventori', 'homeland', 'secur')"
410,"('grant', 'program', 'includ')"
411,"('program', 'includ', 'purpos')"
412,"('includ', 'purpos', 'object')"
413,"('perform', 'goal', 'plan')"
414,"('goal', 'plan', 'submit')"
415,"('plan', 'submit', 'appropri')"
416,"('submit', 'appropri', 'congression')"
417,"('appropri', 'congression', 'committe')"
418,"('congression', 'committe', 'later')"
419,"('committe', 'later', '120')"
420,"('120', 'day', 'bill')"
421,"('day', 'bill', 'enact')"
422,"('bill', 'enact', 'updat')"
423,"('enact', 'updat', 'biannual')"
424,"('updat', 'biannual', 'ensur')"
425,"('biannual', 'ensur', 'committe')"
426,"('ensur', 'committe', 'abl')"
427,"('committe', 'abl', 'maintain')"
428,"('abl', 'maintain', 'watch')"
429,"('maintain', 'watch', 'eye')"
430,"('watch', 'eye', 'oversight')"
431,"('eye', 'oversight', 'redund')"
432,"('oversight', 'redund', 'law')"
433,"('redund', 'law', 'might')"
434,"('law', 'might', 'confus')"
435,"('might', 'confus', 'grant')"
436,"('confus', 'grant', 'recipi')"
437,"('grant', 'recipi', 'local')"
438,"('recipi', 'local', 'level')"
439,"('local', 'level', 'bill')"
440,"('level', 'bill', 'help')"
441,"('bill', 'help', 'identifi')"
442,"('help', 'identifi', 'ineffici')"
443,"('identifi', 'ineffici', 'dhs')"
444,"('ineffici', 'dhs', 'grant')"
445,"('dhs', 'grant', 'program')"
446,"('grant', 'program', 'bill')"
447,"('program', 'bill', 'increas')"
448,"('bill', 'increas', 'qualiti')"
449,"('increas', 'qualiti', 'servic')"
450,"('qualiti', 'servic', 'receiv')"
451,"('servic', 'receiv', 'dhs')"
452,"('receiv', 'dhs', 'grant')"
453,"('dhs', 'grant', 'recipi')"
454,"('grant', 'recipi', 'urg')"
455,"('recipi', 'urg', 'colleagu')"
456,"('urg', 'colleagu', 'support')"
457,"('colleagu', 'support', 'import')"
458,"('support', 'import', 'legisl')"
459,"('import', 'legisl', 'hous')"
460,"('legisl', 'hous', 'repres')"
461,"('hous', 'repres', 'committe')"
462,"('repres', 'committe', 'transport')"
463,"('committe', 'transport', 'infrastructur')"
464,"('transport', 'infrastructur', 'washington')"
465,"('infrastructur', 'washington', 'dc')"
466,"('washington', 'dc', 'decemb')"
467,"('dc', 'decemb', '2009')"
468,"('decemb', '2009', 'hon')"
469,"('2009', 'hon', 'benni')"
470,"('hon', 'benni', 'thompson')"
471,"('benni', 'thompson', 'chairman')"
472,"('thompson', 'chairman', 'committe')"
473,"('chairman', 'committe', 'homeland')"
474,"('homeland', 'secur', 'washington')"
475,"('secur', 'washington', 'dc')"
476,"('washington', 'dc', 'dear')"
477,"('dc', 'dear', 'chairman')"
478,"('dear', 'chairman', 'thompson')"
479,"('chairman', 'thompson', 'write')"
480,"('thompson', 'write', 'regard')"
481,"('write', 'regard', 'hr')"
482,"('regard', 'hr', '3980')"
483,"('grant', 'act', 'hr')"
484,"('act', 'hr', '3980')"
485,"('hr', '3980', 'contain')"
486,"('3980', 'contain', 'provis')"
487,"('contain', 'provis', 'fall')"
488,"('provis', 'fall', 'jurisdict')"
489,"('fall', 'jurisdict', 'committe')"
490,"('jurisdict', 'committe', 'transport')"
491,"('transport', 'infrastructur', 'recogn')"
492,"('infrastructur', 'recogn', 'appreci')"
493,"('recogn', 'appreci', 'desir')"
494,"('appreci', 'desir', 'bring')"
495,"('desir', 'bring', 'legisl')"
496,"('bring', 'legisl', 'hous')"
497,"('legisl', 'hous', 'expediti')"
498,"('hous', 'expediti', 'manner')"
499,"('expediti', 'manner', 'accord')"
500,"('manner', 'accord', 'seek')"
501,"('accord', 'seek', 'sequenti')"
502,"('seek', 'sequenti', 'referr')"
503,"('sequenti', 'referr', 'bill')"
504,"('referr', 'bill', 'agre')"
505,"('bill', 'agre', 'waiv')"
506,"('agre', 'waiv', 'consider')"
507,"('waiv', 'consider', 'bill')"
508,"('consider', 'bill', 'mutual')"
509,"('bill', 'mutual', 'understand')"
510,"('mutual', 'understand', 'decis')"
511,"('understand', 'decis', 'forgo')"
512,"('decis', 'forgo', 'sequenti')"
513,"('forgo', 'sequenti', 'referr')"
514,"('referr', 'bill', 'waiv')"
515,"('bill', 'waiv', 'reduc')"
516,"('waiv', 'reduc', 'otherwis')"
517,"('reduc', 'otherwis', 'affect')"
518,"('otherwis', 'affect', 'jurisdict')"
519,"('affect', 'jurisdict', 'committe')"
520,"('transport', 'infrastructur', 'hr')"
521,"('infrastructur', 'hr', '3980')"
522,"('hr', '3980', 'committe')"
523,"('3980', 'committe', 'transport')"
524,"('transport', 'infrastructur', 'reserv')"
525,"('infrastructur', 'reserv', 'right')"
526,"('reserv', 'right', 'seek')"
527,"('right', 'seek', 'appoint')"
528,"('seek', 'appoint', 'confere')"
529,"('appoint', 'confere', 'housesen')"
530,"('confere', 'housesen', 'confer')"
531,"('housesen', 'confer', 'conven')"
532,"('confer', 'conven', 'legisl')"
533,"('conven', 'legisl', 'provis')"
534,"('legisl', 'provis', 'bill')"
535,"('provis', 'bill', 'committe')"
536,"('bill', 'committe', 'jurisdict')"
537,"('committe', 'jurisdict', 'ask')"
538,"('jurisdict', 'ask', 'commit')"
539,"('ask', 'commit', 'support')"
540,"('commit', 'support', 'request')"
541,"('support', 'request', 'committe')"
542,"('request', 'committe', 'transport')"
543,"('transport', 'infrastructur', 'appoint')"
544,"('infrastructur', 'appoint', 'confere')"
545,"('appoint', 'confere', 'hr')"
546,"('confere', 'hr', '3980')"
547,"('hr', '3980', 'similar')"
548,"('3980', 'similar', 'legisl')"
549,"('similar', 'legisl', 'pleas')"
550,"('legisl', 'pleas', 'place')"
551,"('pleas', 'place', 'copi')"
552,"('place', 'copi', 'letter')"
553,"('copi', 'letter', 'respons')"
554,"('letter', 'respons', 'acknowledg')"
555,"('respons', 'acknowledg', 'committe')"
556,"('acknowledg', 'committe', 'transport')"
557,"('transport', 'infrastructur', 'jurisdict')"
558,"('infrastructur', 'jurisdict', 'interest')"
559,"('jurisdict', 'interest', 'committe')"
560,"('interest', 'committe', 'report')"
561,"('committe', 'report', 'hr')"
562,"('report', 'hr', '3980')"
563,"('hr', '3980', 'congression')"
564,"('3980', 'congression', 'record')"
565,"('congression', 'record', 'consider')"
566,"('record', 'consider', 'measur')"
567,"('consider', 'measur', 'hous')"
568,"('measur', 'hous', 'look')"
569,"('hous', 'look', 'forward')"
570,"('look', 'forward', 'work')"
571,"('forward', 'work', 'prepar')"
572,"('work', 'prepar', 'pass')"
573,"('prepar', 'pass', 'import')"
574,"('pass', 'import', 'legisl')"
575,"('import', 'legisl', 'sincer')"
576,"('legisl', 'sincer', 'jame')"
577,"('sincer', 'jame', 'oberstar')"
578,"('jame', 'oberstar', 'chairman')"
579,"('oberstar', 'chairman', 'hous')"
580,"('chairman', 'hous', 'repres')"
581,"('repres', 'committe', 'homeland')"
582,"('2009', 'hon', 'jame')"
583,"('hon', 'jame', 'oberstar')"
584,"('oberstar', 'chairman', 'committe')"
585,"('chairman', 'committe', 'transport')"
586,"('transport', 'infrastructur', 'hous')"
587,"('infrastructur', 'hous', 'repres')"
588,"('hous', 'repres', 'washington')"
589,"('repres', 'washington', 'dc')"
590,"('dear', 'chairman', 'oberstar')"
591,"('chairman', 'oberstar', 'thank')"
592,"('oberstar', 'thank', 'letter')"
593,"('thank', 'letter', 'regard')"
594,"('letter', 'regard', 'hr')"
595,"('grant', 'act', 'introduc')"
596,"('act', 'introduc', 'congressman')"
597,"('introduc', 'congressman', 'henri')"
598,"('congressman', 'henri', 'cuellar')"
599,"('henri', 'cuellar', 'novemb')"
600,"('cuellar', 'novemb', '2009')"
601,"('novemb', '2009', 'appreci')"
602,"('2009', 'appreci', 'willing')"
603,"('appreci', 'willing', 'work')"
604,"('willing', 'work', 'cooper')"
605,"('work', 'cooper', 'legisl')"
606,"('cooper', 'legisl', 'acknowledg')"
607,"('legisl', 'acknowledg', 'committe')"
608,"('jurisdict', 'interest', 'certain')"
609,"('interest', 'certain', 'provis')"
610,"('certain', 'provis', 'hr')"
611,"('provis', 'hr', '3980')"
612,"('hr', '3980', 'appreci')"
613,"('3980', 'appreci', 'agreement')"
614,"('appreci', 'agreement', 'seek')"
615,"('agreement', 'seek', 'sequenti')"
616,"('sequenti', 'referr', 'legisl')"
617,"('referr', 'legisl', 'acknowledg')"
618,"('legisl', 'acknowledg', 'decis')"
619,"('acknowledg', 'decis', 'forgo')"
620,"('sequenti', 'referr', 'waiv')"
621,"('referr', 'waiv', 'alter')"
622,"('waiv', 'alter', 'otherwis')"
623,"('alter', 'otherwis', 'affect')"
624,"('infrastructur', 'recogn', 'committe')"
625,"('recogn', 'committe', 'reserv')"
626,"('committe', 'reserv', 'right')"
627,"('appoint', 'confere', 'bill')"
628,"('confere', 'bill', 'portion')"
629,"('bill', 'portion', 'bill')"
630,"('portion', 'bill', 'committe')"
631,"('committe', 'jurisdict', 'interest')"
632,"('jurisdict', 'interest', 'agre')"
633,"('interest', 'agre', 'support')"
634,"('agre', 'support', 'request')"
635,"('support', 'request', 'ensur')"
636,"('request', 'ensur', 'exchang')"
637,"('ensur', 'exchang', 'letter')"
638,"('exchang', 'letter', 'includ')"
639,"('letter', 'includ', 'legisl')"
640,"('includ', 'legisl', 'report')"
641,"('legisl', 'report', 'hr')"
642,"('congression', 'record', 'floor')"
643,"('record', 'floor', 'consider')"
644,"('floor', 'consider', 'bill')"
645,"('consider', 'bill', 'look')"
646,"('bill', 'look', 'forward')"
647,"('forward', 'work', 'legisl')"
648,"('work', 'legisl', 'matter')"
649,"('legisl', 'matter', 'great')"
650,"('matter', 'great', 'import')"
651,"('great', 'import', 'nation')"
652,"('import', 'nation', 'sincer')"
653,"('nation', 'sincer', 'benni')"
654,"('sincer', 'benni', 'thompson')"
655,"('thompson', 'chairman', 'reserv')"
656,"('chairman', 'reserv', 'balanc')"
657,"('reserv', 'balanc', 'time')"
658,"('balanc', 'time', 'mr')"
659,"('time', 'mr', 'speaker')"
660,"('presid', 'ask', 'unanim')"
661,"('unanim', 'consent', 'order')"
662,"('consent', 'order', 'quorum')"
663,"('order', 'quorum', 'call')"
664,"('quorum', 'call', 'rescind')"
665,"('call', 'rescind', 'presid')"
666,"('rescind', 'presid', 'divis')"
667,"('presid', 'divis', 'omnibus')"
668,"('divis', 'omnibus', 'confer')"
669,"('omnibus', 'confer', 'agreement')"
670,"('confer', 'agreement', 'provid')"
671,"('agreement', 'provid', 'fund')"
672,"('provid', 'fund', 'state')"
673,"('fund', 'state', 'depart')"
674,"('state', 'depart', 'foreign')"
675,"('depart', 'foreign', 'oper')"
676,"('foreign', 'oper', 'relat')"
677,"('oper', 'relat', 'program')"
678,"('relat', 'program', 'want')"
679,"('program', 'want', 'thank')"
680,"('want', 'thank', 'rank')"
681,"('thank', 'rank', 'member')"
682,"('rank', 'member', 'subcommitte')"
683,"('member', 'subcommitte', 'senat')"
684,"('subcommitte', 'senat', 'gregg')"
685,"('senat', 'gregg', 'capabl')"
686,"('gregg', 'capabl', 'staff')"
687,"('capabl', 'staff', 'paul')"
688,"('staff', 'paul', 'grove')"
689,"('paul', 'grove', 'michel')"
690,"('grove', 'michel', 'wymer')"
691,"('michel', 'wymer', 'work')"
692,"('wymer', 'work', 'staff')"
693,"('work', 'staff', 'bipartisan')"
694,"('staff', 'bipartisan', 'manner')"
695,"('bipartisan', 'manner', 'produc')"
696,"('manner', 'produc', 'confer')"
697,"('produc', 'confer', 'agreement')"
698,"('confer', 'agreement', 'want')"
699,"('agreement', 'want', 'thank')"
700,"('want', 'thank', 'chairwoman')"
701,"('thank', 'chairwoman', 'nita')"
702,"('chairwoman', 'nita', 'lowey')"
703,"('nita', 'lowey', 'rank')"
704,"('lowey', 'rank', 'member')"
705,"('rank', 'member', 'kay')"
706,"('member', 'kay', 'granger')"
707,"('kay', 'granger', 'staff')"
708,"('granger', 'staff', 'work')"
709,"('staff', 'work', 'cooper')"
710,"('work', 'cooper', 'us')"
711,"('cooper', 'us', 'throughout')"
712,"('us', 'throughout', 'process')"
713,"('throughout', 'process', 'fiscal')"
714,"('process', 'fiscal', 'year')"
715,"('fiscal', 'year', '2010')"
716,"('year', '2010', 'state')"
717,"('2010', 'state', 'foreign')"
718,"('state', 'foreign', 'oper')"
719,"('foreign', 'oper', 'confer')"
720,"('oper', 'confer', 'agreement')"
721,"('agreement', 'provid', '488')"
722,"('provid', '488', 'billion')"
723,"('488', 'billion', 'discretionari')"
724,"('billion', 'discretionari', 'fund')"
725,"('discretionari', 'fund', '33')"
726,"('fund', '33', 'billion')"
727,"('33', 'billion', 'decreas')"
728,"('billion', 'decreas', 'presid')"
729,"('decreas', 'presid', 'budget')"
730,"('presid', 'budget', 'request')"
731,"('budget', 'request', '52')"
732,"('request', '52', 'billion')"
733,"('52', 'billion', 'bill')"
734,"('billion', 'bill', '12')"
735,"('bill', '12', 'billion')"
736,"('12', 'billion', 'fiscal')"
737,"('billion', 'fiscal', 'year')"
738,"('fiscal', 'year', '2009')"
739,"('year', '2009', 'level')"
740,"('2009', 'level', 'includ')"
741,"('level', 'includ', 'supplement')"
742,"('includ', 'supplement', 'fund')"
743,"('supplement', 'fund', 'import')"
744,"('fund', 'import', 'point')"
745,"('import', 'point', 'need')"
746,"('point', 'need', 'understood')"
747,"('need', 'understood', 'senat')"
748,"('understood', 'senat', 'yesterday')"
749,"('senat', 'yesterday', 'senat')"
750,"('yesterday', 'senat', 'side')"
751,"('senat', 'side', 'aisl')"
752,"('side', 'aisl', 'critic')"
753,"('aisl', 'critic', 'bill')"
754,"('critic', 'bill', '31')"
755,"('bill', '31', 'percent')"
756,"('31', 'percent', 'fiscal')"
757,"('percent', 'fiscal', 'year')"
758,"('year', '2009', 'mislead')"
759,"('2009', 'mislead', 'account')"
760,"('mislead', 'account', 'billion')"
761,"('account', 'billion', 'dollar')"
762,"('billion', 'dollar', 'fiscal')"
763,"('dollar', 'fiscal', 'year')"
764,"('year', '2009', 'emerg')"
765,"('2009', 'emerg', 'supplement')"
766,"('emerg', 'supplement', 'fund')"
767,"('supplement', 'fund', 'standard')"
768,"('fund', 'standard', 'way')"
769,"('standard', 'way', 'busi')"
770,"('way', 'busi', 'previous')"
771,"('busi', 'previous', 'administr')"
772,"('previous', 'administr', 'ignor')"
773,"('administr', 'ignor', 'cost')"
774,"('ignor', 'cost', 'american')"
775,"('cost', 'american', 'taxpay')"
776,"('american', 'taxpay', 'disingenu')"
777,"('taxpay', 'disingenu', 'presid')"
778,"('disingenu', 'presid', 'obama')"
779,"('presid', 'obama', 'made')"
780,"('obama', 'made', 'clear')"
781,"('made', 'clear', 'intend')"
782,"('clear', 'intend', 'fund')"
783,"('intend', 'fund', 'program')"
784,"('fund', 'program', 'budget')"
785,"('program', 'budget', 'supplement')"
786,"('budget', 'supplement', 'gimmick')"
787,"('supplement', 'gimmick', 'congress')"
788,"('gimmick', 'congress', 'urg')"
789,"('congress', 'urg', 'critic')"
790,"('urg', 'critic', 'compar')"
791,"('critic', 'compar', 'appl')"
792,"('compar', 'appl', 'appl')"
793,"('appl', 'appl', 'bill')"
794,"('appl', 'bill', 'provid')"
795,"('bill', 'provid', '12')"
796,"('provid', '12', 'billion')"
797,"('12', 'billion', 'less')"
798,"('billion', 'less', 'spend')"
799,"('less', 'spend', 'fiscal')"
800,"('spend', 'fiscal', 'year')"
801,"('year', '2009', 'republican')"
802,"('2009', 'republican', 'senat')"
803,"('republican', 'senat', 'made')"
804,"('senat', 'made', 'speech')"
805,"('made', 'speech', 'omnibus')"
806,"('speech', 'omnibus', 'packag')"
807,"('omnibus', 'packag', 'account')"
808,"('packag', 'account', 'earmark')"
809,"('account', 'earmark', 'dont')"
810,"('earmark', 'dont', 'like')"
811,"('dont', 'like', 'even')"
812,"('like', 'even', 'though')"
813,"('even', 'though', 'request')"
814,"('though', 'request', 'earmark')"
815,"('request', 'earmark', 'fact')"
816,"('earmark', 'fact', 'earmark')"
817,"('fact', 'earmark', 'compris')"
818,"('earmark', 'compris', 'tini')"
819,"('compris', 'tini', 'fraction')"
820,"('tini', 'fraction', 'total')"
821,"('fraction', 'total', 'packag')"
822,"('total', 'packag', 'like')"
823,"('packag', 'like', 'past')"
824,"('like', 'past', 'year')"
825,"('past', 'year', 'stateforeign')"
826,"('year', 'stateforeign', 'oper')"
827,"('stateforeign', 'oper', 'confer')"
828,"('confer', 'agreement', 'contain')"
829,"('agreement', 'contain', 'earmark')"
830,"('contain', 'earmark', 'defin')"
831,"('earmark', 'defin', 'appropri')"
832,"('defin', 'appropri', 'committe')"
833,"('appropri', 'committe', 'fund')"
834,"('committe', 'fund', 'mani')"
835,"('fund', 'mani', 'program')"
836,"('mani', 'program', 'prioriti')"
837,"('program', 'prioriti', 'democrat')"
838,"('prioriti', 'democrat', 'republican')"
839,"('democrat', 'republican', 'includ')"
840,"('republican', 'includ', 'assist')"
841,"('includ', 'assist', 'countri')"
842,"('assist', 'countri', 'like')"
843,"('countri', 'like', 'afghanistan')"
844,"('like', 'afghanistan', 'pakistan')"
845,"('afghanistan', 'pakistan', 'iraq')"
846,"('pakistan', 'iraq', 'longstand')"
847,"('iraq', 'longstand', 'alli')"
848,"('longstand', 'alli', 'like')"
849,"('alli', 'like', 'israel')"
850,"('like', 'israel', 'egypt')"
851,"('israel', 'egypt', 'jordan')"
852,"('egypt', 'jordan', 'addit')"
853,"('jordan', 'addit', 'confer')"
854,"('addit', 'confer', 'agreement')"
855,"('agreement', 'provid', '57')"
856,"('provid', '57', 'billion')"
857,"('57', 'billion', 'combat')"
858,"('billion', 'combat', 'hivaid')"
859,"('combat', 'hivaid', 'includ')"
860,"('hivaid', 'includ', '750')"
861,"('includ', '750', 'million')"
862,"('750', 'million', 'global')"
863,"('million', 'global', 'fund')"
864,"('global', 'fund', 'fund')"
865,"('fund', 'fund', 'provid')"
866,"('fund', 'provid', 'combat')"
867,"('provid', 'combat', 'diseas')"
868,"('combat', 'diseas', 'like')"
869,"('diseas', 'like', 'malaria')"
870,"('like', 'malaria', 'tuberculosi')"
871,"('malaria', 'tuberculosi', 'neglect')"
872,"('tuberculosi', 'neglect', 'tropic')"
873,"('neglect', 'tropic', 'diseas')"
874,"('tropic', 'diseas', 'agreement')"
