stats:,9.455102040816326,10.983801825443141
position,trigrams,count
0,"('enact', 'senat', 'hous')",7
1,"('senat', 'hous', 'repres')",12
2,"('hous', 'repres', 'unit')",7
3,"('repres', 'unit', 'state')",8
4,"('unit', 'state', 'america')",31
5,"('state', 'america', 'congress')",7
6,"('america', 'congress', 'assembl')",7
7,"('congress', 'assembl', 'section')",7
8,"('assembl', 'section', '1')",7
9,"('section', '1', 'short')",5
10,"('1', 'short', 'titl')",7
11,"('short', 'titl', 'act')",6
12,"('titl', 'act', 'cite')",6
13,"('redund', 'elimin', 'enhanc')",5
14,"('elimin', 'enhanc', 'perform')",5
15,"('enhanc', 'perform', 'prepared')",5
16,"('perform', 'prepared', 'grant')",5
17,"('prepared', 'grant', 'act')",5
18,"('act', 'sec', '2')",5
19,"('et', 'seq', 'amend')",14
20,"('seq', 'amend', 'ad')",6
21,"('amend', 'ad', 'end')",21
22,"('ad', 'end', 'follow')",27
23,"('end', 'follow', 'new')",19
24,"('follow', 'new', 'section')",9
25,"('new', 'section', 'sec')",9
26,"('day', 'date', 'enact')",8
27,"('speaker', 'ask', 'unanim')",5
28,"('ask', 'unanim', 'consent')",153
29,"('unanim', 'consent', 'member')",8
30,"('consent', 'member', '5')",6
31,"('member', '5', 'legisl')",6
32,"('5', 'legisl', 'day')",8
33,"('legisl', 'day', 'revis')",8
34,"('day', 'revis', 'extend')",8
35,"('revis', 'extend', 'remark')",14
36,"('yield', 'time', 'consum')",9
37,"('committe', 'homeland', 'secur')",7
38,"('urg', 'colleagu', 'support')",7
39,"('hous', 'repres', 'committe')",7
40,"('committe', 'transport', 'infrastructur')",9
41,"('washington', 'dc', 'decemb')",9
42,"('dc', 'decemb', '1')",5
43,"('decemb', '1', '2009')",6
44,"('washington', 'dc', 'dear')",12
45,"('look', 'forward', 'work')",7
46,"('reserv', 'balanc', 'time')",25
47,"('yea', 'nay', 'order')",7
48,"('make', 'sure', 'get')",5
49,"('urg', 'colleagu', 'vote')",7
50,"('presid', 'ask', 'unanim')",94
51,"('unanim', 'consent', 'order')",14
52,"('consent', 'order', 'quorum')",12
53,"('order', 'quorum', 'call')",12
54,"('quorum', 'call', 'rescind')",11
55,"('call', 'rescind', 'presid')",9
56,"('confer', 'agreement', 'provid')",5
57,"('fiscal', 'year', '2010')",8
58,"('senat', 'side', 'aisl')",9
59,"('dont', 'know', 'deal')",9
60,"('unanim', 'consent', 'senat')",20
61,"('senat', 'new', 'hampshir')",18
62,"('health', 'insur', 'compani')",76
63,"('presid', 'unit', 'state')",10
64,"('unanim', 'consent', 'time')",8
65,"('sell', 'health', 'insur')",6
66,"('health', 'insur', 'polici')",9
67,"('creat', 'new', 'entitl')",6
68,"('new', 'entitl', 'program')",10
69,"('home', 'health', 'care')",84
70,"('new', 'york', 'time')",15
71,"('health', 'care', 'reform')",182
72,"('reduc', 'health', 'care')",5
73,"('health', 'care', 'cost')",53
74,"('time', 'ask', 'unanim')",6
75,"('billion', '10', 'year')",13
76,"('home', 'health', 'servic')",6
77,"('know', 'dont', 'know')",5
78,"('health', 'care', 'provid')",10
79,"('presid', 'much', 'time')",11
80,"('much', 'time', 'remain')",15
81,"('medicar', 'advantag', 'polici')",5
82,"('11', 'million', 'senior')",7
83,"('madam', 'presid', 'much')",5
84,"('lower', 'health', 'care')",7
85,"('unanim', 'consent', 'print')",9
86,"('consent', 'print', 'record')",9
87,"('unanim', 'consent', 'request')",13
88,"('make', 'sure', 'medicar')",6
89,"('friend', 'side', 'aisl')",16
90,"('dont', 'health', 'insur')",8
91,"('464', 'billion', 'medicar')",5
92,"('care', 'reform', 'bill')",39
93,"('health', 'care', 'polici')",5
94,"('chairman', 'financ', 'committe')",21
95,"('make', 'medicar', 'solvent')",6
96,"('peopl', 'side', 'aisl')",5
97,"('health', 'care', 'bill')",62
98,"('long', 'period', 'time')",6
99,"('bend', 'cost', 'curv')",7
100,"('health', 'care', 'legisl')",6
101,"('congression', 'budget', 'offic')",82
102,"('budget', 'offic', 'said')",8
103,"('feder', 'govern', 'limit')",5
104,"('suprem', 'court', 'decis')",5
105,"('requir', 'individu', 'purchas')",10
106,"('chang', 'health', 'care')",9
107,"('everybodi', 'health', 'insur')",10
108,"('12', 'trillion', 'medicar')",14
109,"('purchas', 'health', 'insur')",22
110,"('role', 'feder', 'govern')",5
111,"('democrat', 'health', 'care')",13
112,"('high', 'cost', 'plan')",5
113,"('cost', 'plan', 'tax')",5
114,"('tax', 'high', 'cost')",5
115,"('margin', 'tax', 'rate')",6
116,"('health', 'insur', 'bill')",8
117,"('mr', 'presid', 'yield')",14
118,"('presid', 'yield', 'floor')",15
119,"('health', 'care', 'system')",77
120,"('small', 'busi', 'owner')",11
121,"('health', 'care', 'plan')",15
122,"('colleagu', 'side', 'aisl')",13
123,"('famili', 'health', 'insur')",8
124,"('health', 'insur', 'coverag')",17
125,"('insur', 'compani', 'go')",5
126,"('primari', 'care', 'physician')",10
127,"('fight', 'insur', 'compani')",5
128,"('current', 'health', 'care')",11
129,"('health', 'care', 'insur')",8
130,"('state', 'insur', 'regul')",7
131,"('money', 'health', 'care')",5
132,"('come', 'health', 'care')",5
133,"('defens', 'appropri', 'bill')",5
134,"('pass', 'health', 'care')",11
135,"('yield', 'floor', 'presid')",20
136,"('floor', 'presid', 'offic')",9
137,"('presid', 'offic', 'mr')",18
138,"('rule', 'madam', 'speaker')",5
139,"('energi', 'commerc', 'committe')",6
140,"('ask', 'given', 'permiss')",6
141,"('given', 'permiss', 'revis')",6
142,"('permiss', 'revis', 'extend')",6
143,"('new', 'orlean', 'louisiana')",5
144,"('unit', 'state', 'govern')",7
145,"('freedom', 'inform', 'act')",6
146,"('american', 'health', 'care')",7
147,"('suggest', 'absenc', 'quorum')",12
148,"('record', 'vote', 'order')",6
149,"('bill', 'us', 'today')",5
150,"('billion', 'next', '10')",12
151,"('next', '10', 'year')",38
152,"('govern', 'health', 'care')",5
153,"('need', 'make', 'sure')",9
154,"('ms', 'jacksonle', 'texa')",7
155,"('cost', 'health', 'care')",32
156,"('act', 'presid', 'pro')",61
157,"('presid', 'pro', 'tempor')",62
158,"('pro', 'tempor', 'without')",11
159,"('tempor', 'without', 'object')",11
160,"('without', 'object', 'order')",17
161,"('budget', 'offic', 'say')",9
162,"('cut', 'medicar', 'advantag')",17
163,"('medicar', 'advantag', 'go')",7
164,"('million', 'senior', 'medicar')",5
165,"('senior', 'medicar', 'advantag')",6
166,"('medicar', 'advantag', 'program')",34
167,"('medicar', 'advantag', 'medicar')",9
168,"('advantag', 'medicar', 'advantag')",6
169,"('medicar', 'advantag', 'plan')",67
170,"('chronic', 'care', 'manag')",5
171,"('25', 'trillion', 'bill')",7
172,"('bill', 'cut', 'medicar')",5
173,"('benefit', 'medicar', 'advantag')",10
174,"('11', 'million', 'american')",5
175,"('debat', 'health', 'care')",11
176,"('time', 'madam', 'speaker')",16
177,"('madam', 'speaker', 'reserv')",6
178,"('speaker', 'reserv', 'balanc')",10
179,"('balanc', 'time', 'madam')",15
180,"('madam', 'speaker', 'like')",7
181,"('speaker', 'like', 'yield')",6
182,"('yield', '3', 'minut')",10
183,"('madam', 'speaker', 'yield')",31
184,"('speaker', 'yield', '2')",11
185,"('yield', '2', 'minut')",19
186,"('2', 'minut', 'gentleman')",11
187,"('yield', '1', 'minut')",8
188,"('1', 'minut', 'gentleman')",6
189,"('american', 'back', 'work')",5
190,"('speaker', 'yield', 'time')",6
191,"('extend', 'remark', 'madam')",5
192,"('remark', 'madam', 'speaker')",5
193,"('yield', 'back', 'balanc')",10
194,"('back', 'balanc', 'time')",10
195,"('consum', 'madam', 'speaker')",5
196,"('think', 'american', 'peopl')",6
197,"('american', 'peopl', 'pay')",9
198,"('defeat', 'previous', 'question')",7
199,"('vote', 'previous', 'question')",17
200,"('previous', 'question', 'rule')",12
201,"('work', 'everi', 'day')",5
202,"('senat', 'rhode', 'island')",11
203,"('ration', 'health', 'care')",9
204,"('health', 'care', 'countri')",10
205,"('health', 'care', 'go')",5
206,"('fix', 'health', 'care')",6
207,"('come', 'floor', 'say')",5
208,"('extend', 'life', 'medicar')",17
209,"('american', 'peopl', 'ought')",6
210,"('peopl', 'ought', 'pray')",5
211,"('ought', 'pray', 'somebodi')",5
212,"('pray', 'somebodi', 'cant')",5
213,"('somebodi', 'cant', 'make')",5
214,"('cant', 'make', 'vote')",5
215,"('make', 'vote', 'tonight')",6
216,"('new', 'govern', 'program')",5
217,"('peopl', 'buy', 'insur')",5
218,"('without', 'health', 'insur')",12
219,"('10', 'year', 'go')",7
220,"('amend', 'offer', 'senat')",8
221,"('part', 'health', 'care')",8
222,"('wast', 'fraud', 'abus')",5
223,"('american', 'peopl', 'go')",5
224,"('patient', 'choic', 'act')",5
225,"('first', '10', 'year')",19
226,"('insur', 'compani', 'medicar')",5
227,"('reform', 'health', 'care')",14
228,"('cost', 'compar', 'effect')",5
229,"('women', 'age', '50')",6
230,"('us', 'prevent', 'servic')",18
231,"('prevent', 'servic', 'task')",24
232,"('servic', 'task', 'forc')",24
233,"('compar', 'effect', 'panel')",5
234,"('american', 'peopl', 'say')",5
235,"('american', 'cancer', 'societi')",6
236,"('medicar', 'payment', 'advisori')",7
237,"('payment', 'advisori', 'commiss')",7
238,"('buy', 'health', 'insur')",18
239,"('senat', 'yield', 'question')",12
240,"('take', 'money', 'medicar')",6
241,"('trillion', 'unfund', 'liabil')",12
242,"('act', '2009', 'sec')",6
243,"('short', 'titl', 'sec')",6
244,"('unit', 'state', 'code')",29
245,"('titl', '11', 'unit')",8
246,"('11', 'unit', 'state')",9
247,"('market', 'stabil', 'capit')",16
248,"('stabil', 'capit', 'adequaci')",16
249,"('capit', 'adequaci', 'board')",16
250,"('feder', 'function', 'regul')",6
251,"('institut', 'consum', 'protect')",6
252,"('consum', 'protect', 'examin')",6
253,"('protect', 'examin', 'council')",6
254,"('consum', 'protect', 'divis')",5
255,"('impos', 'civil', 'penalti')",6
256,"('commod', 'exchang', 'act')",16
257,"('swap', 'swap', 'dealer')",5
258,"('swap', 'dealer', 'major')",18
259,"('dealer', 'major', 'swap')",13
260,"('major', 'swap', 'particip')",19
261,"('segreg', 'asset', 'held')",6
262,"('asset', 'held', 'collater')",6
263,"('held', 'collater', 'swap')",6
264,"('collater', 'swap', 'transact')",6
265,"('secur', 'exchang', 'act')",40
266,"('exchang', 'act', '1934')",34
267,"('financi', 'institut', 'compens')",6
268,"('institut', 'compens', 'fair')",6
269,"('vote', 'execut', 'compens')",6
270,"('feder', 'insur', 'offic')",9
271,"('short', 'titl', 'titl')",6
272,"('titl', 'titl', 'cite')",6
273,"('state', 'code', 'amend')",15
274,"('code', 'amend', '1')",8
275,"('nonbank', 'financi', 'institut')",15
276,"('unit', 'state', 'district')",9
277,"('feder', 'reserv', 'bank')",5
278,"('amend', '1', 'subsect')",7
279,"('3', 'ad', 'end')",5
280,"('function', 'regul', 'market')",6
281,"('regul', 'market', 'stabil')",6
282,"('nonbankruptci', 'insolv', 'regim')",6
283,"('act', '2009', 'amend')",5
284,"('amend', 'made', 'act')",5
285,"('secur', 'exchang', 'commiss')",20
286,"('board', 'governor', 'feder')",8
287,"('governor', 'feder', 'reserv')",8
288,"('feder', 'reserv', 'system')",9
289,"('shall', 'take', 'effect')",8
290,"('date', 'enact', 'titl')",14
291,"('shall', 'appli', 'respect')",5
292,"('amend', '1', 'strike')",10
293,"('period', 'begin', 'date')",6
294,"('notic', 'refer', 'subparagraph')",6
295,"('refer', 'subparagraph', 'di')",6
296,"('consider', 'joint', 'resolut')",5
297,"('joint', 'resolut', 'shall')",7
298,"('joint', 'resolut', 'hous')",6
299,"('previous', 'question', 'shall')",11
300,"('question', 'shall', 'consid')",14
301,"('shall', 'consid', 'order')",11
302,"('adopt', 'without', 'interven')",6
303,"('without', 'interven', 'motion')",11
304,"('resolut', 'shall', 'consid')",5
305,"('shall', 'consid', 'read')",12
306,"('interven', 'motion', 'except')",5
307,"('hour', 'debat', 'equal')",7
308,"('debat', 'equal', 'divid')",9
309,"('equal', 'divid', 'control')",20
310,"('resolut', 'shall', 'order')",6
311,"('minor', 'leader', 'designe')",7
312,"('feder', 'deposit', 'insur')",12
313,"('deposit', 'insur', 'corpor')",6
314,"('commod', 'futur', 'trade')",16
315,"('futur', 'trade', 'commiss')",16
316,"('offic', 'thrift', 'supervis')",6
317,"('feder', 'nation', 'mortgag')",11
318,"('nation', 'mortgag', 'associ')",11
319,"('feder', 'home', 'loan')",14
320,"('home', 'loan', 'mortgag')",10
321,"('loan', 'mortgag', 'corpor')",10
322,"('director', 'feder', 'hous')",5
323,"('feder', 'hous', 'financ')",8
324,"('hous', 'financ', 'agenc')",8
325,"('shall', 'appoint', 'term')",6
326,"('1', 'shall', 'appoint')",7
327,"('begin', 'date', 'enact')",5
328,"('overthecount', 'deriv', 'market')",9
329,"('committe', 'bank', 'hous')",7
330,"('bank', 'hous', 'urban')",7
331,"('hous', 'urban', 'affair')",7
332,"('committe', 'financi', 'servic')",6
333,"('titl', '5', 'unit')",10
334,"('5', 'unit', 'state')",10
335,"('examin', 'council', 'act')",5
336,"('financi', 'institut', 'examin')",5
337,"('institut', 'examin', 'council')",5
338,"('act', '12', 'usc')",26
339,"('follow', 'new', 'paragraph')",5
340,"('act', '15', 'usc')",8
341,"('deposit', 'insur', 'act')",5
342,"('insur', 'act', '12')",5
343,"('state', 'liaison', 'committe')",7
344,"('follow', 'new', 'subsect')",8
345,"('suggest', 'model', 'regul')",5
346,"('chairman', 'state', 'liaison')",6
347,"('requir', 'paragraph', '1')",5
348,"('law', 'enforc', 'offic')",8
349,"('paragraph', '1', 'shall')",5
350,"('appropri', 'feder', 'bank')",9
351,"('feder', 'bank', 'agenc')",7
352,"('secur', 'act', '1933')",8
353,"('act', '1933', '15')",7
354,"('1933', '15', 'usc')",7
355,"('violat', 'provis', 'titl')",8
356,"('provis', 'titl', 'rule')",8
357,"('titl', 'rule', 'regul')",8
358,"('rule', 'regul', 'thereund')",8
359,"('describ', 'paragraph', '1')",8
360,"('act', '1934', '15')",27
361,"('1934', '15', 'usc')",27
362,"('invest', 'compani', 'act')",7
363,"('act', '1940', '15')",7
364,"('1940', '15', 'usc')",7
365,"('invest', 'advis', 'act')",6
366,"('insert', 'person', 'time')",5
367,"('person', 'time', 'alleg')",5
368,"('time', 'alleg', 'misconduct')",8
369,"('seek', 'becom', 'associ')",11
370,"('associ', 'seek', 'becom')",7
371,"('public', 'account', 'firm')",5
372,"('sarbanesoxley', 'act', '2002')",5
373,"('act', '2002', '15')",5
374,"('2002', '15', 'usc')",5
375,"('exchang', 'act', '1934section')",5
376,"('month', 'bar', 'person')",8
377,"('bar', 'person', 'associ')",8
378,"('municip', 'secur', 'dealer')",5
379,"('twelv', 'month', 'bar')",6
380,"('place', 'unit', 'state')",5
381,"('titl', '31', 'unit')",6
382,"('31', 'unit', 'state')",6
383,"('fiscal', 'year', '2011')",6
384,"('deriv', 'market', 'act')",7
385,"('market', 'act', '2009')",7
386,"('exchang', 'act', '7')",13
387,"('act', '7', 'usc')",14
388,"('agreement', 'contract', 'transact')",20
389,"('15', 'usc', '78a')",8
390,"('usc', '78a', 'et')",8
391,"('78a', 'et', 'seq')",8
392,"('secur', 'base', 'swap')",12
393,"('swap', 'pursuant', 'subparagraph')",6
394,"('term', 'securitybas', 'swap')",7
395,"('securitybas', 'swap', 'dealer')",16
396,"('substanti', 'net', 'posit')",5
397,"('commiss', 'secur', 'exchang')",7
398,"('exchang', 'commiss', 'shall')",6
399,"('major', 'securitybas', 'swap')",16
400,"('securitybas', 'swap', 'particip')",15
401,"('7', 'usc', '1')",5
402,"('usc', '1', 'et')",5
403,"('1', 'et', 'seq')",5
404,"('seq', 'amend', 'insert')",5
405,"('amend', 'insert', 'section')",7
406,"('clear', 'deriv', 'clear')",10
407,"('deriv', 'clear', 'organ')",15
408,"('swap', 'repositori', 'regist')",5
409,"('repositori', 'regist', 'pursuant')",5
410,"('counterparti', 'swap', 'dealer')",5
411,"('date', 'enact', 'overthecount')",6
412,"('enact', 'overthecount', 'deriv')",6
413,"('later', '270', 'day')",5
414,"('commiss', 'shall', 'prescrib')",6
415,"('clear', 'organ', 'clear')",7
416,"('form', 'manner', 'period')",6
417,"('securitybas', 'swap', 'repositori')",17
418,"('exchang', 'commiss', 'prudenti')",5
419,"('commiss', 'prudenti', 'regul')",10
420,"('prudenti', 'regul', 'shall')",7
421,"('1', 'year', 'date')",5
422,"('year', 'date', 'enact')",11
423,"('organ', 'clear', 'agenc')",6
424,"('swap', 'particip', 'major')",7
425,"('particip', 'major', 'securitybas')",7
426,"('swap', 'dealer', 'securitybas')",6
427,"('dealer', 'securitybas', 'swap')",6
428,"('elig', 'trade', 'calcul')",5
429,"('sharehold', 'advisori', 'vote')",5
430,"('board', 'director', 'issuer')",5
431,"('shall', 'conduct', 'studi')",5
432,"('committe', 'board', 'director')",6
433,"('meet', 'standard', 'independ')",6
434,"('standard', 'independ', 'promulg')",6
435,"('independ', 'promulg', 'pursuant')",5
436,"('nation', 'recogn', 'statist')",5
437,"('recogn', 'statist', 'rate')",5
438,"('place', 'appear', 'insert')",6
439,"('strike', 'invest', 'grade')",7
440,"('insert', 'meet', 'standard')",8
441,"('meet', 'standard', 'creditworthi')",9
442,"('standard', 'creditworthi', 'establish')",5
443,"('feder', 'hous', 'enterpris')",6
444,"('hous', 'enterpris', 'financi')",6
445,"('enterpris', 'financi', 'safeti')",6
446,"('financi', 'safeti', 'sound')",6
447,"('safeti', 'sound', 'act')",6
448,"('sound', 'act', '1992')",5
449,"('effect', 'dateth', 'amend')",9
450,"('dateth', 'amend', 'made')",9
451,"('amend', 'made', 'section')",13
452,"('made', 'section', 'shall')",9
453,"('mortgag', 'associ', 'charter')",7
454,"('associ', 'charter', 'act')",7
455,"('charter', 'act', '12')",7
456,"('mortgag', 'corpor', 'act')",6
457,"('corpor', 'act', '12')",6
458,"('expir', 'period', 'refer')",7
459,"('period', 'begin', 'upon')",5
460,"('period', 'refer', 'section')",6
461,"('refer', 'section', '7003b')",5
462,"('act', '2008', 'public')",13
463,"('2008', 'public', 'law')",13
464,"('minimum', 'capit', 'level')",5
465,"('strike', 'regul', 'entiti')",5
466,"('american', 'recoveri', 'reinvest')",8
467,"('recoveri', 'reinvest', 'act')",5
468,"('public', 'law', '1115')",6
469,"('section', 'shall', 'appli')",10
470,"('state', 'insur', 'measur')",14
471,"('act', '42', 'usc')",15
472,"('section', 'section', '314')",5
473,"('date', 'enact', 'act')",18
474,"('unit', 'state', 'trade')",8
475,"('state', 'trade', 'repres')",6
476,"('repres', 'committe', 'bank')",5
477,"('committe', 'way', 'mean')",5
478,"('insert', 'follow', 'new')",5
479,"('gentleman', 'maryland', 'mr')",6
480,"('minut', 'gentleman', 'texa')",5
481,"('madam', 'chair', 'yield')",5
482,"('time', 'remain', 'side')",7
483,"('speaker', 'yield', '3')",6
484,"('member', 'committe', 'rule')",5
485,"('ask', 'immedi', 'consider')",5
486,"('upon', 'adopt', 'resolut')",5
487,"('adopt', 'resolut', 'shall')",5
488,"('without', 'intervent', 'point')",8
489,"('intervent', 'point', 'order')",8
490,"('except', 'aris', 'claus')",10
491,"('10', 'rule', 'xxi')",9
492,"('report', 'committe', 'rule')",10
493,"('divid', 'control', 'chair')",8
494,"('control', 'chair', 'rank')",8
495,"('chair', 'rank', 'minor')",8
496,"('rank', 'minor', 'member')",8
497,"('minor', 'member', 'committe')",8
498,"('point', 'order', 'consider')",8
499,"('aris', 'claus', '9')",6
500,"('claus', '9', '10')",6
501,"('9', '10', 'rule')",6
502,"('point', 'order', 'provis')",5
503,"('except', '1', 'hour')",7
504,"('1', 'hour', 'debat')",11
505,"('senat', 'amend', 'hr')",6
506,"('text', 'hr', '2920')",5
507,"('remaind', 'first', 'session')",5
508,"('session', 'hundr', 'eleventh')",8
509,"('hundr', 'eleventh', 'congress')",8
510,"('januari', '12', '2010')",5
511,"('declar', 'hous', 'adjourn')",5
512,"('2009', 'shall', 'stand')",5
513,"('shall', 'stand', 'adjourn')",7
514,"('pursuant', 'concurr', 'resolut')",5
515,"('waiv', 'point', 'order')",7
516,"('adjourn', 'sine', 'die')",5
517,"('job', 'main', 'street')",6
518,"('main', 'street', 'act')",6
519,"('cost', 'health', 'insur')",10
520,"('gentleman', 'new', 'york')",7
521,"('peopl', 'back', 'work')",8
522,"('get', 'peopl', 'back')",5
523,"('member', 'side', 'aisl')",11
524,"('urg', 'yes', 'vote')",5
525,"('demand', 'divis', 'question')",6
526,"('minut', 'equal', 'divid')",5
527,"('order', 'previous', 'question')",9
528,"('democrat', 'major', 'agenda')",6
529,"('offer', 'altern', 'plan')",6
530,"('order', 'offer', 'amend')",5
531,"('new', 'york', 'mr')",6
532,"('previous', 'question', 'resolut')",6
533,"('major', 'leader', 'designe')",5
534,"('pay', 'medic', 'bill')",5
535,"('speaker', 'yield', '1')",6
536,"('set', 'record', 'straight')",5
537,"('bill', 'make', 'sure')",6
538,"('madam', 'presid', 'yield')",13
539,"('pro', 'tempor', 'senat')",29
540,"('recogn', 'madam', 'presid')",7
541,"('side', 'act', 'presid')",6
542,"('health', 'insur', 'reform')",6
543,"('access', 'health', 'care')",9
544,"('univers', 'access', 'prevent')",6
545,"('access', 'prevent', 'screen')",7
546,"('prevent', 'screen', 'servic')",11
547,"('guarante', 'univers', 'access')",5
548,"('cant', 'get', 'health')",5
549,"('get', 'health', 'care')",12
550,"('get', 'health', 'insur')",12
551,"('madam', 'presid', 'ask')",13
552,"('yield', '5', 'minut')",6
553,"('5', 'minut', 'senat')",6
554,"('secretari', 'health', 'human')",13
555,"('health', 'human', 'servic')",22
556,"('health', 'educ', 'labor')",11
557,"('educ', 'labor', 'pension')",11
558,"('labor', 'pension', 'committe')",8
559,"('american', 'heart', 'associ')",6
560,"('health', 'resourc', 'servic')",6
561,"('resourc', 'servic', 'administr')",6
562,"('task', 'forc', 'recommend')",10
563,"('make', 'sure', 'women')",5
564,"('deni', 'coverag', 'base')",5
565,"('amend', 'yield', 'floor')",6
566,"('presid', 'yield', '10')",6
567,"('yield', '10', 'minut')",8
568,"('10', 'minut', 'senat')",6
569,"('creat', 'new', 'program')",6
570,"('reduc', 'cost', 'health')",8
571,"('american', 'health', 'insur')",7
572,"('health', 'insur', 'premium')",17
573,"('accord', 'congression', 'budget')",13
574,"('nurs', 'home', 'home')",5
575,"('home', 'home', 'health')",7
576,"('home', 'health', 'agenc')",10
577,"('might', 'end', 'particip')",5
578,"('primari', 'care', 'doctor')",9
579,"('new', 'medicar', 'patient')",5
580,"('improv', 'health', 'care')",7
581,"('health', 'care', 'senior')",6
582,"('provid', 'health', 'care')",11
583,"('provis', 'health', 'care')",9
584,"('program', 'call', 'medicar')",7
585,"('billion', 'home', 'health')",8
586,"('health', 'care', 'agenc')",14
587,"('qualiti', 'health', 'care')",11
588,"('medicar', 'advisori', 'board')",5
589,"('medicar', 'health', 'care')",5
590,"('health', 'insur', 'program')",5
591,"('floor', 'act', 'presid')",5
592,"('senat', 'south', 'dakota')",5
593,"('wall', 'street', 'journal')",11
594,"('health', 'insur', 'cost')",5
595,"('breast', 'cancer', 'screen')",13
596,"('health', 'care', 'right')",5
597,"('american', 'colleg', 'surgeon')",6
598,"('billion', 'medicar', 'advantag')",8
599,"('almost', '500', 'billion')",5
600,"('take', '12', 'trillion')",8
601,"('make', 'health', 'care')",11
602,"('make', 'health', 'insur')",6
603,"('percent', 'health', 'care')",8
604,"('health', 'care', 'coverag')",14
605,"('privat', 'health', 'care')",6
606,"('plan', 'medicar', 'advantag')",9
607,"('privat', 'insur', 'compani')",23
608,"('guarante', 'benefit', 'medicar')",8
609,"('minut', 'madam', 'presid')",5
610,"('preserv', 'social', 'secur')",13
611,"('social', 'secur', 'medicar')",16
612,"('unit', 'state', 'postal')",8
613,"('state', 'postal', 'servic')",8
614,"('roy', 'rondeno', 'sr')",7
615,"('rondeno', 'sr', 'post')",5
616,"('sr', 'post', 'offic')",5
617,"('post', 'offic', 'build')",5
618,"('balanc', 'time', 'speaker')",5
619,"('perform', 'offici', 'duti')",5
620,"('special', 'agent', 'samuel')",5
621,"('agent', 'samuel', 'hick')",5
622,"('feder', 'law', 'enforc')",6
623,"('special', 'agent', 'hick')",8
624,"('ann', 'mari', 'blute')",6
625,"('billion', 'per', 'year')",6
626,"('health', 'care', 'servic')",11
627,"('recommend', 'us', 'prevent')",7
628,"('year', 'health', 'insur')",5
629,"('mr', 'presid', 'ask')",8
630,"('want', 'make', 'sure')",5
631,"('93', 'percent', 'american')",7
632,"('individu', 'small', 'busi')",6
633,"('cover', 'health', 'insur')",5
634,"('senat', 'budget', 'committe')",6
635,"('nation', 'committe', 'preserv')",12
636,"('committe', 'preserv', 'social')",12
637,"('save', 'senat', 'bill')",5
638,"('print', 'record', 'object')",12
639,"('record', 'object', 'materi')",9
640,"('object', 'materi', 'order')",16
641,"('materi', 'order', 'print')",16
642,"('order', 'print', 'record')",19
643,"('print', 'record', 'follow')",20
644,"('us', 'senat', 'washington')",7
645,"('senat', 'washington', 'dc')",7
646,"('dc', 'dear', 'senat')",5
647,"('hr', '3590', 'patient')",9
648,"('3590', 'patient', 'protect')",9
649,"('patient', 'protect', 'afford')",24
650,"('protect', 'afford', 'care')",25
651,"('afford', 'care', 'act')",24
652,"('senat', 'financ', 'committe')",18
653,"('financ', 'committe', 'instruct')",5
654,"('cut', 'medicar', 'benefit')",13
655,"('care', 'reform', 'debat')",6
656,"('extend', 'solvenc', 'medicar')",21
657,"('solvenc', 'medicar', 'trust')",20
658,"('medicar', 'trust', 'fund')",45
659,"('senior', 'medicar', 'program')",6
660,"('care', 'reform', 'legisl')",14
661,"('health', 'care', 'premium')",6
662,"('pay', 'health', 'insur')",9
663,"('health', 'insur', 'go')",7
664,"('insur', 'compani', 'provid')",8
665,"('health', 'care', 'american')",5
666,"('time', 'equal', 'divid')",6
667,"('mccain', 'motion', 'commit')",13
668,"('motion', 'commit', 'senat')",5
669,"('second', '10', 'year')",13
670,"('privat', 'health', 'insur')",46
671,"('legisl', 'extend', 'solvenc')",6
672,"('provid', 'health', 'insur')",16
673,"('industri', 'countri', 'world')",6
674,"('reserv', 'right', 'object')",19
675,"('legisl', 'senat', 'proper')",5
676,"('senat', 'proper', 'focus')",5
677,"('proper', 'focus', 'provid')",5
678,"('focus', 'provid', 'reimburs')",5
679,"('provid', 'reimburs', 'reform')",5
680,"('import', 'legisl', 'reduc')",5
681,"('legisl', 'reduc', 'guarante')",5
682,"('reduc', 'guarante', 'medicar')",7
683,"('guarante', 'medicar', 'benefit')",17
684,"('60', 'plus', 'associ')",9
685,"('privat', 'social', 'secur')",6
686,"('allianc', 'retir', 'american')",5
687,"('health', 'care', 'need')",7
688,"('increas', 'health', 'care')",6
689,"('decemb', '2', '2009')",7
690,"('health', 'care', 'deliveri')",5
691,"('comprehens', 'health', 'care')",7
692,"('afford', 'health', 'care')",14
693,"('decemb', '3', '2009')",12
694,"('make', 'prescript', 'drug')",6
695,"('prescript', 'drug', 'afford')",5
696,"('solvenc', 'medicar', 'program')",5
697,"('american', 'associ', 'retir')",6
698,"('associ', 'retir', 'person')",5
699,"('massiv', 'medicar', 'cut')",6
700,"('trust', 'fund', 'extend')",7
701,"('extend', 'solvenc', 'trust')",11
702,"('solvenc', 'trust', 'fund')",14
703,"('least', '5', 'year')",5
704,"('brandnam', 'prescript', 'drug')",5
705,"('deliveri', 'system', 'reform')",11
706,"('advantag', 'plan', 'overpaid')",5
707,"('call', 'medicar', 'advantag')",9
708,"('overpay', 'medicar', 'advantag')",5
709,"('need', 'health', 'care')",7
710,"('wall', 'street', 'analyst')",8
711,"('payment', 'medicar', 'advantag')",5
712,"('say', 'medicar', 'advantag')",5
713,"('unanim', 'consent', 'committe')",20
714,"('author', 'meet', 'session')",26
715,"('meet', 'session', 'senat')",26
716,"('session', 'senat', 'decemb')",19
717,"('senat', 'decemb', '3')",7
718,"('conduct', 'hear', 'decemb')",5
719,"('2009', '10', 'room')",6
720,"('room', 'sd366', 'dirksen')",5
721,"('sd366', 'dirksen', 'senat')",5
722,"('dirksen', 'senat', 'offic')",12
723,"('senat', 'offic', 'build')",15
724,"('offic', 'build', 'presid')",11
725,"('build', 'presid', 'ask')",11
726,"('2009', '230', 'pm')",7
727,"('pm', 'presid', 'ask')",5
728,"('last', '10', 'year')",5
729,"('feder', 'budget', 'deficit')",6
730,"('presid', 'reserv', 'right')",6
731,"('vote', '1', 'morn')",5
732,"('excis', 'tax', 'highcost')",6
733,"('health', 'care', 'industri')",10
734,"('dont', 'take', 'word')",6
735,"('health', 'reform', 'legisl')",5
736,"('financ', 'committe', 'bill')",6
737,"('health', 'insur', 'plan')",23
738,"('better', 'health', 'care')",6
739,"('independ', 'medicar', 'advisori')",5
740,"('health', 'insur', 'mandat')",21
741,"('legisl', 'health', 'insur')",5
742,"('health', 'insur', 'employe')",9
743,"('power', 'regul', 'interst')",6
744,"('regul', 'interst', 'commerc')",6
745,"('reduc', 'feder', 'deficit')",5
746,"('joint', 'committe', 'taxat')",44
747,"('30', 'million', 'american')",6
748,"('insur', 'compani', 'deni')",5
749,"('compani', 'deni', 'coverag')",5
750,"('base', 'preexist', 'condit')",5
751,"('tax', 'cut', 'american')",7
752,"('tax', 'credit', 'help')",9
753,"('qualiti', 'afford', 'health')",11
754,"('communiti', 'health', 'center')",5
755,"('employe', 'small', 'busi')",7
756,"('offer', 'health', 'insur')",7
757,"('employe', 'health', 'insur')",5
758,"('health', 'insur', 'small')",6
759,"('insur', 'small', 'busi')",6
760,"('afford', 'health', 'insur')",8
761,"('help', 'small', 'busi')",8
762,"('health', 'insur', 'afford')",5
763,"('budget', 'offic', 'joint')",5
764,"('offic', 'joint', 'committe')",5
765,"('small', 'busi', 'tax')",7
766,"('busi', 'tax', 'credit')",6
767,"('mani', 'small', 'busi')",5
768,"('offer', 'republican', 'side')",5
769,"('republican', 'side', 'aisl')",13
770,"('50', 'million', 'american')",7
771,"('94', 'percent', 'american')",6
772,"('communiti', 'health', 'clinic')",6
773,"('health', 'care', 'america')",12
774,"('side', 'aisl', 'say')",7
775,"('send', 'bill', 'back')",6
776,"('protect', 'health', 'insur')",6
777,"('health', 'insur', 'industri')",16
778,"('deal', 'health', 'care')",5
779,"('health', 'insur', 'peopl')",5
780,"('reserv', 'remaind', 'time')",6
781,"('care', 'system', 'america')",5
782,"('decemb', '21', '2009')",5
783,"('socal', 'medicar', 'advantag')",6
784,"('peopl', 'health', 'insur')",9
785,"('nation', 'feder', 'independ')",8
786,"('feder', 'independ', 'busi')",8
787,"('budget', 'committe', 'senat')",5
788,"('health', 'reform', 'bill')",5
789,"('longterm', 'care', 'insur')",7
790,"('chairman', 'budget', 'committe')",8
791,"('health', 'care', 'consum')",6
792,"('major', 'leader', 'reid')",5
793,"('medicar', 'home', 'health')",5
794,"('status', 'quo', 'mean')",9
795,"('mean', 'senior', 'continu')",5
796,"('chang', 'home', 'health')",6
797,"('home', 'health', 'provid')",14
798,"('cost', 'provid', 'care')",6
799,"('less', '1', 'percent')",5
800,"('home', 'health', 'industri')",12
801,"('nation', 'associ', 'home')",7
802,"('associ', 'home', 'care')",6
803,"('home', 'care', 'hospic')",8
804,"('health', 'care', 'debat')",5
805,"('let', 'give', 'exampl')",5
806,"('health', 'care', 'senat')",5
807,"('trillion', '10', 'year')",7
808,"('american', 'medic', 'associ')",9
809,"('pay', 'higher', 'tax')",5
810,"('see', 'tax', 'increas')",13
811,"('net', 'tax', 'cut')",11
812,"('cut', '120', 'billion')",5
813,"('120', 'billion', 'medicar')",5
814,"('medic', 'malpractic', 'reform')",6
815,"('jeopard', 'access', 'care')",6
816,"('medic', 'liabil', 'reform')",9
817,"('limit', 'tax', 'benefit')",6
818,"('hous', 'senat', 'democrat')",5
819,"('senat', 'democrat', 'leadership')",11
820,"('absenc', 'quorum', 'presid')",6
821,"('drug', 'unit', 'state')",5
822,"('cost', 'prescript', 'drug')",5
823,"('support', 'drug', 'import')",8
824,"('see', 'negat', 'number')",5
825,"('committe', 'taxat', 'tell')",11
826,"('taxat', 'tell', 'us')",11
827,"('taxpay', 'see', 'tax')",5
828,"('subsidi', 'health', 'insur')",6
829,"('highcost', 'plan', 'tax')",6
830,"('medic', 'expens', 'deduct')",5
831,"('nation', 'associ', 'manufactur')",8
832,"('reid', 'bill', 'cut')",5
833,"('socal', 'hidden', 'tax')",5
834,"('kaiser', 'famili', 'foundat')",5
835,"('senat', 'new', 'jersey')",5
836,"('intern', 'revenu', 'code')",16
837,"('suprem', 'court', 'said')",5
838,"('particular', 'good', 'servic')",8
839,"('individu', 'purchas', 'health')",7
840,"('health', 'insur', 'mean')",5
841,"('individu', 'mandat', 'requir')",6
842,"('unanim', 'consent', 'speak')",5
843,"('10', 'minut', 'presid')",5
844,"('januari', '1', '2010')",12
845,"('nomin', 'receiv', 'senat')",5
846,"('consent', 'senat', 'proceed')",8
847,"('motion', 'reconsid', 'laid')",10
848,"('career', 'member', 'senior')",7
849,"('member', 'senior', 'foreign')",7
850,"('senior', 'foreign', 'servic')",7
851,"('foreign', 'servic', 'class')",7
852,"('ambassador', 'extraordinari', 'plenipotentiari')",12
853,"('extraordinari', 'plenipotentiari', 'unit')",12
854,"('plenipotentiari', 'unit', 'state')",12
855,"('unit', 'state', 'marshal')",5
856,"('unit', 'state', 'attorney')",7
        857,"('servic', 'class', 'ministercounselor')",6
858,"('class', 'ministercounselor', 'ambassador')",6
859,"('ministercounselor', 'ambassador', 'extraordinari')",6
860,"('state', 'america', 'republ')",8
861,"('receiv', 'senat', 'appear')",6
862,"('senat', 'appear', 'congression')",6
863,"('appear', 'congression', 'record')",6
864,"('agre', 'motion', 'reconsid')",9
865,"('reconsid', 'laid', 'upon')",9
866,"('laid', 'upon', 'tabl')",9
867,"('period', 'morn', 'busi')",6
868,"('senat', 'permit', 'speak')",6
869,"('permit', 'speak', '10')",5
870,"('speak', '10', 'minut')",6
871,"('senat', 'north', 'dakota')",7
872,"('privat', 'insur', 'plan')",6
873,"('price', 'prescript', 'drug')",9
874,"('prescript', 'drug', 'import')",5
875,"('highest', 'price', 'world')",12
876,"('price', 'world', 'prescript')",5
877,"('world', 'prescript', 'drug')",5
878,"('pay', 'highest', 'price')",9
879,"('american', 'peopl', 'freedom')",9
880,"('give', 'american', 'peopl')",9
881,"('prescript', 'drug', 'price')",7
882,"('price', 'american', 'peopl')",6
883,"('decemb', '15', '2009')",5
884,"('health', 'care', 'spend')",15
885,"('reduc', 'budget', 'deficit')",5
886,"('medicar', 'advantag', 'payment')",10
887,"('life', 'medicar', 'trust')",8
888,"('presid', 'rise', 'today')",7
889,"('senat', 'resum', 'consider')",7
890,"('resum', 'consider', 'hr')",5
891,"('consider', 'hr', '3590')",5
892,"('senat', 'proceed', 'vote')",16
893,"('proceed', 'vote', 'relat')",12
894,"('amend', 'senat', 'proceed')",6
895,"('amend', 'upon', 'disposit')",5
896,"('upon', 'disposit', 'amend')",5
897,"('lack', 'health', 'insur')",6
898,"('republican', 'health', 'care')",6
899,"('medic', 'malpractic', 'case')",5
900,"('medic', 'malpractic', 'insur')",6
901,"('social', 'secur', 'act')",14
902,"('2', 'week', 'ago')",10
903,"('breast', 'cancer', 'survivor')",5
904,"('center', 'medicar', 'medicaid')",8
905,"('medicar', 'medicaid', 'servic')",8
906,"('josh', 'sarah', 'shane')",6
907,"('get', 'job', 'done')",5
908,"('cut', 'home', 'health')",9
909,"('go', 'back', 'medicar')",6
910,"('care', 'home', 'health')",5
911,"('want', 'cut', 'wast')",5
912,"('health', 'care', 'benefit')",9
913,"('govern', 'account', 'offic')",6
914,"('premium', 'cost', 'share')",5
915,"('secur', 'clearanc', 'process')",6
916,"('emerg', 'unemploy', 'compens')",10
917,"('supplement', 'appropri', 'act')",7
918,"('appropri', 'act', '2008')",7
919,"('public', 'law', '110252')",6
920,"('law', '110252', '26')",6
921,"('110252', '26', 'usc')",6
922,"('26', 'usc', '3304')",10
923,"('usc', '3304', 'note')",10
924,"('3304', 'note', 'amend')",7
925,"('assist', 'unemploy', 'worker')",7
926,"('unemploy', 'worker', 'struggl')",7
927,"('worker', 'struggl', 'famili')",7
928,"('struggl', 'famili', 'act')",7
929,"('strike', 'januari', '1')",12
930,"('1', '2010', 'insert')",9
931,"('2010', 'insert', 'januari')",7
932,"('insert', 'januari', '1')",12
933,"('januari', '1', '2011')",10
934,"('right', 'regular', 'compens')",5
935,"('revenu', 'code', '1986')",15
936,"('code', '1986', 'amend')",10
937,"('shorttim', 'compens', 'program')",19
938,"('compens', 'program', 'defin')",5
939,"('arra', 'transit', 'assist')",10
940,"('transit', 'assist', 'period')",10
941,"('fiscal', 'quarter', 'occur')",5
942,"('quarter', 'fiscal', 'year')",7
943,"('titl', 'xix', 'social')",6
944,"('xix', 'social', 'secur')",6
945,"('effect', 'juli', '1')",5
946,"('juli', '1', '2008')",7
947,"('elig', 'standard', 'methodolog')",7
948,"('standard', 'methodolog', 'procedur')",7
949,"('secur', 'act', '42')",5
950,"('40', 'excis', 'tax')",5
951,"('health', 'save', 'account')",5
952,"('alaska', 'state', 'medic')",5
953,"('state', 'medic', 'associ')",5
954,"('reduc', 'medicar', 'spend')",5
955,"('medicar', 'medicar', 'advantag')",5
956,"('38', 'trillion', 'unfund')",6
957,"('silver', 'sneaker', 'program')",5
958,"('real', 'salt', 'lake')",13
959,"('pay', 'estat', 'tax')",5
960,"('mr', 'lincoln', 'diazbalart')",5
961,"('lincoln', 'diazbalart', 'florida')",5
962,"('repeal', 'estat', 'tax')",6
963,"('capit', 'gain', 'tax')",6
964,"('provid', 'medicar', 'advantag')",6
965,"('clean', 'renew', 'energi')",7
966,"('amend', 'strike', 'januari')",7
967,"('mortgag', 'banker', 'associ')",5
968,"('senat', 'south', 'carolina')",7
969,"('dc', 'opportun', 'scholarship')",9
970,"('opportun', 'scholarship', 'program')",7
971,"('needl', 'exchang', 'program')",5
972,"('dc', 'voucher', 'school')",5
973,"('nation', 'health', 'expenditur')",5
974,"('decemb', '8', '2009')",5
975,"('radio', 'televis', 'marti')",6
976,"('offic', 'cuba', 'broadcast')",5
977,"('bipartisan', 'tax', 'relief')",9
978,"('18', 'billion', 'next')",5
979,"('billion', 'next', 'year')",6
